4.74	308534	308534	U	0	unclassified
95.26	6198629	0	R	1	root
95.24	6197668	0	R1	131567	  cellular organisms
95.24	6197479	0	D	2	    Bacteria
94.94	6177960	0	P	1224	      Proteobacteria
94.93	6177298	0	C	1236	        Gammaproteobacteria
94.92	6176526	0	O	91347	          Enterobacterales
94.88	6174239	0	F	543	            Enterobacteriaceae
60.72	3951314	0	G	570	              Klebsiella
44.02	2864139	2864139	S	1463165	                Klebsiella quasipneumoniae
14.89	969119	969119	S	573	                Klebsiella pneumoniae
0.13	8527	8527	S	548	                Klebsiella aerogenes
1.35	87523	87523	S	244366	                Klebsiella variicola
0.19	12099	12099	S	2026240	                Klebsiella quasivariicola
0.11	6865	6865	S	571	                Klebsiella oxytoca
0.03	1755	1755	S	1134687	                Klebsiella michiganensis
0.00	249	249	S	1934254	                Klebsiella sp. M5al
0.02	1036	1036	S	1905288	                Klebsiella sp. LTGPAF-6F
29.20	1900000	0	F1	191675	              unclassified Enterobacteriaceae
29.20	1899999	0	F2	36866	                unclassified Enterobacteriaceae (miscellaneous)
29.17	1897880	1897880	S	2052938	                  Enterobacteriaceae bacterium S05
0.00	321	321	S	2282310	                  Enterobacteriaceae bacterium w6
0.00	64	64	S	891974	                  Plautia stali symbiont
0.00	49	49	S	693444	                  Enterobacteriaceae bacterium strain FGI 57
0.00	188	188	S	2282309	                  Enterobacteriaceae bacterium w17
0.00	78	78	S	2066051	                  Enterobacteriaceae bacterium ENNIH1
0.02	1414	1414	S	1920128	                  Enterobacteriaceae bacterium ENNIH3
0.00	1	0	F2	84563	                ant, tsetse, mealybug, aphid, etc. endosymbionts
0.00	1	0	G	1906657	                  Candidatus Doolittlea
0.00	1	1	S	1778262	                    Candidatus Doolittlea endobia
4.38	285097	0	G	561	              Escherichia
4.38	284815	284815	S	562	                Escherichia coli
0.00	189	189	S	208962	                Escherichia albertii
0.00	83	83	S	564	                Escherichia fergusonii
0.00	8	8	S	1499973	                Escherichia marmotae
0.32	20987	0	G	547	              Enterobacter
0.31	20300	0	G1	354276	                Enterobacter cloacae complex
0.08	5514	5514	S	550	                  Enterobacter cloacae
0.19	12516	12516	S	158836	                  Enterobacter hormaechei
0.03	1674	1674	S	61645	                  Enterobacter asburiae
0.01	409	409	S	2027919	                  Enterobacter cloacae complex sp.
0.00	43	43	S	69218	                  Enterobacter cancerogenus
0.00	83	83	S	1812935	                  Enterobacter roggenkampii
0.00	21	21	S	1915310	                  Enterobacter cloacae complex sp. ECNIH7
0.00	27	27	S	208224	                  Enterobacter kobei
0.00	9	9	S	2077137	                  Enterobacter cloacae complex sp. FDA-CDC-AR_0132
0.01	342	342	S	881260	                Enterobacter bugandensis
0.00	60	60	S	399742	                Enterobacter sp. 638
0.00	31	31	S	1914861	                Enterobacter sp. SA187
0.00	31	31	S	1692238	                Enterobacter sp. FY-07
0.00	149	149	S	1560339	                Enterobacter sp. E20
0.00	48	48	S	1827481	                Enterobacter sp. ODB01
0.00	7	7	S	1166130	                Enterobacter sp. R4-368
0.00	8	8	S	1977566	                Enterobacter sp. Crenshaw
0.00	8	8	S	1868135	                Enterobacter sp. HK169
0.04	2499	0	G	160674	              Raoultella
0.03	2262	2262	S	54291	                Raoultella ornithinolytica
0.00	237	237	S	575	                Raoultella planticola
0.03	1902	0	G	544	              Citrobacter
0.02	1135	0	G1	1344959	                Citrobacter freundii complex
0.01	923	923	S	546	                  Citrobacter freundii
0.00	197	197	S	67827	                  Citrobacter werkmanii
0.00	14	14	S	133448	                  Citrobacter youngae
0.00	183	183	S	67825	                Citrobacter rodentium
0.01	480	480	S	35703	                Citrobacter amalonaticus
0.00	65	65	S	545	                Citrobacter koseri
0.00	11	11	S	1702170	                Citrobacter sp. FDAARGOS_156
0.00	17	17	S	67824	                Citrobacter farmeri
0.00	8	8	S	1703250	                Citrobacter sp. CRE-46
0.09	6082	0	G	590	              Salmonella
0.09	6033	6033	S	28901	                Salmonella enterica
0.00	49	49	S	54736	                Salmonella bongori
0.05	3310	0	G	83654	              Leclercia
0.05	3177	3177	S	1920114	                Leclercia sp. LSNIH1
0.00	133	133	S	83655	                Leclercia adecarboxylata
0.01	702	0	G	413496	              Cronobacter
0.00	258	258	S	28141	                Cronobacter sakazakii
0.00	140	140	S	413497	                Cronobacter dublinensis
0.00	95	95	S	413502	                Cronobacter turicensis
0.00	85	85	S	535744	                Cronobacter universalis
0.00	55	55	S	413501	                Cronobacter muytjensii
0.00	47	47	S	1163710	                Cronobacter condimenti
0.00	20	20	S	413503	                Cronobacter malonaticus
0.01	622	0	G	1330545	              Lelliottia
0.00	158	158	S	2153385	                Lelliottia sp. WB101
0.00	113	113	S	1907578	                Lelliottia jeotgali
0.00	285	285	S	69220	                Lelliottia nimipressuralis
0.00	65	65	S	61646	                Lelliottia amnigena
0.01	412	0	G	1330547	              Kosakonia
0.00	228	228	S	208223	                Kosakonia cowanii
0.00	115	115	S	1158459	                Kosakonia sacchari
0.00	68	68	S	497725	                Kosakonia oryzae
0.01	356	0	G	1330546	              Pluralibacter
0.00	267	267	S	61647	                Pluralibacter gergoviae
0.00	88	88	S	1334193	                [Enterobacter] lignolyticus
0.00	276	0	G	158483	              Cedecea
0.00	276	276	S	158822	                Cedecea neteri
0.01	577	0	G	579	              Kluyvera
0.01	577	577	S	61648	                Kluyvera intermedia
0.00	43	0	G	929812	              Gibbsiella
0.00	43	43	S	929813	                Gibbsiella quercinecans
0.00	11	0	G	1335483	              Shimwellia
0.00	11	11	S	563	                Shimwellia blattae
0.00	41	0	G	620	              Shigella
0.00	41	41	S	623	                Shigella flexneri
0.02	1094	0	F	1903411	            Yersiniaceae
0.01	756	0	G	613	              Serratia
0.00	320	320	S	615	                Serratia marcescens
0.00	154	154	S	47917	                Serratia fonticola
0.00	89	89	S	614	                Serratia liquefaciens
0.00	72	72	S	28151	                Serratia proteamaculans
0.00	65	65	S	671990	                Serratia sp. FGI94
0.00	22	22	S	82996	                Serratia plymuthica
0.00	6	6	S	1759437	                Serratia sp. YD25
0.00	5	5	S	61651	                Serratia ficaria
0.00	2	2	S	61652	                Serratia rubidaea
0.00	1	1	S	104623	                Serratia sp. ATCC 39006
0.00	8	8	S	488142	                Serratia sp. SCBI
0.00	5	5	S	2033438	                Serratia sp. MYb239
0.00	278	0	G	629	              Yersinia
0.00	211	211	S	630	                Yersinia enterocolitica
0.00	56	56	S	29485	                Yersinia rohdei
0.00	2	0	G1	1649845	                Yersinia pseudotuberculosis complex
0.00	2	2	S	367190	                  Yersinia similis
0.00	2	2	S	935293	                Yersinia entomophaga
0.00	1	1	S	29486	                Yersinia ruckeri
0.00	4	4	S	29484	                Yersinia frederiksenii
0.00	57	0	G	34037	              Rahnella
0.00	25	25	S	1805933	                Rahnella sp. ERMR1:05
0.00	31	31	S	34038	                Rahnella aquatilis
0.00	1	0	G	1927833	              Candidatus Fukatsuia
0.00	1	1	S	1878942	                Candidatus Fukatsuia symbiotica
0.00	1	0	G	1745211	              Chania
0.00	1	1	S	1639108	                Chania multitudinisentens
0.01	673	0	F	1903409	            Erwiniaceae
0.01	559	0	G	53335	              Pantoea
0.00	122	122	S	470934	                Pantoea vagans
0.00	102	102	S	1076550	                Pantoea rwandensis
0.00	95	95	S	553	                Pantoea ananatis
0.00	68	68	S	592316	                Pantoea sp. At-9b
0.00	51	51	S	66269	                Pantoea stewartii
0.00	31	31	S	665914	                Pantoea gaviniae
0.00	75	75	S	1484157	                Pantoea sp. PSNIH2
0.00	6	6	S	1891675	                Pantoea alhagi
0.00	2	0	G1	1654067	                Pantoea agglomerans group
0.00	2	2	S	549	                  Pantoea agglomerans
0.00	2	2	S	1484158	                Pantoea sp. PSNIH1
0.00	1	1	S	1235990	                Candidatus Pantoea carbekii
0.00	110	0	G	551	              Erwinia
0.00	41	41	S	1619313	                Erwinia gerundensis
0.00	33	33	S	182337	                Erwinia billingiae
0.00	8	8	S	55211	                Erwinia persicina
0.00	21	21	S	552	                Erwinia amylovora
0.00	5	5	S	338565	                Erwinia tasmaniensis
0.00	3	0	G	82986	              Tatumella
0.00	2	2	S	53336	                Tatumella citrea
0.00	1	1	S	82987	                Tatumella ptyseos
0.01	365	0	F	1903410	            Pectobacteriaceae
0.00	223	0	G	122277	              Pectobacterium
0.00	210	210	S	554	                Pectobacterium carotovorum
0.00	6	6	S	55208	                Pectobacterium wasabiae
0.00	3	3	S	29471	                Pectobacterium atrosepticum
0.00	2	2	S	2042057	                Pectobacterium polaris
0.00	131	0	G	204037	              Dickeya
0.00	68	68	S	204039	                Dickeya dianthicola
0.00	24	24	S	204042	                Dickeya zeae
0.00	30	30	S	1224145	                Dickeya sp. MK7
0.00	5	5	S	204038	                Dickeya dadantii
0.00	1	1	S	1089444	                Dickeya solani
0.00	1	1	S	69223	                Dickeya paradisiaca
0.00	4	0	G	84565	              Sodalis
0.00	2	2	S	1239307	                Sodalis praecaptivus
0.00	1	1	S	63612	                Sodalis glossinidius
0.00	4	0	G	71655	              Brenneria
0.00	2	2	S	598467	                Brenneria sp. EniD312
0.00	1	1	S	1109412	                Brenneria goodwinii
0.00	2	0	G	1082702	              Lonsdalea
0.00	2	2	S	1082704	                Lonsdalea britannica
0.00	123	0	F	1903412	            Hafniaceae
0.00	112	0	G	635	              Edwardsiella
0.00	107	107	S	636	                Edwardsiella tarda
0.00	2	2	S	93378	                Edwardsiella hoshinae
0.00	2	2	S	67780	                Edwardsiella ictaluri
0.00	8	0	G	568	              Hafnia
0.00	8	8	S	569	                Hafnia alvei
0.00	1	0	G	82982	              Obesumbacterium
0.00	1	1	S	82983	                Obesumbacterium proteus
0.00	23	0	F	1903414	            Morganellaceae
0.00	10	0	G	626	              Xenorhabdus
0.00	8	8	S	40577	                Xenorhabdus poinarii
0.00	1	1	S	351671	                Xenorhabdus doucetiae
0.00	1	1	S	628	                Xenorhabdus nematophila
0.00	3	0	G	586	              Providencia
0.00	3	3	S	2027290	                Providencia sp. WCHPr000369
0.00	7	0	G	583	              Proteus
0.00	7	7	S	584	                Proteus mirabilis
0.00	2	0	G	581	              Morganella
0.00	2	2	S	582	                Morganella morganii
0.00	6	0	F	1903416	            Budviciaceae
0.00	6	0	G	82980	              Leminorella
0.00	6	6	S	158841	                Leminorella richardii
0.00	246	0	O	72274	          Pseudomonadales
0.00	242	0	F	135621	            Pseudomonadaceae
0.00	240	0	G	286	              Pseudomonas
0.00	122	122	S	1611770	                Pseudomonas sp. MRSN12121
0.00	84	0	G1	136849	                Pseudomonas syringae group
0.00	75	0	G2	251695	                  Pseudomonas syringae group genomosp. 1
0.00	75	75	S	317	                    Pseudomonas syringae
0.00	8	8	S	36746	                  Pseudomonas cichorii
0.00	8	0	G1	136843	                Pseudomonas fluorescens group
0.00	2	2	S	294	                  Pseudomonas fluorescens
0.00	1	1	S	76761	                  Pseudomonas veronii
0.00	1	1	S	75588	                  Pseudomonas libanensis
0.00	1	1	S	200450	                  Pseudomonas trivialis
0.00	1	1	S	47879	                  Pseudomonas corrugata
0.00	2	0	G1	136845	                Pseudomonas putida group
0.00	2	2	S	47885	                  Pseudomonas oryzihabitans
0.00	2	0	G1	136841	                Pseudomonas aeruginosa group
0.00	2	2	S	53408	                  Pseudomonas citronellolis
0.00	2	0	G1	136846	                Pseudomonas stutzeri group
0.00	2	0	G2	578833	                  Pseudomonas stutzeri subgroup
0.00	2	2	S	316	                    Pseudomonas stutzeri
0.00	4	4	S	930166	                Pseudomonas brassicacearum
0.00	2	2	S	321662	                Pseudomonas moraviensis
0.00	2	2	S	2320867	                Pseudomonas sp. K2W31S-8
0.00	2	2	S	1500687	                Pseudomonas sp. St29
0.00	1	1	S	95300	                Pseudomonas vancouverensis
0.00	1	1	S	101564	                Pseudomonas alcaliphila
0.00	1	1	S	1028989	                Pseudomonas sp. StFLB209
0.00	1	1	S	198620	                Pseudomonas koreensis
0.00	1	1	S	395598	                Pseudomonas reinekei
0.00	1	1	S	1274359	                Pseudomonas sihuiensis
0.00	1	0	F1	351	              Azotobacter group
0.00	1	0	G	352	                Azotobacter
0.00	1	1	S	353	                  Azotobacter chroococcum
0.00	4	0	F	468	            Moraxellaceae
0.00	4	0	G	469	              Acinetobacter
0.00	3	3	S	1879050	                Acinetobacter wuhouensis
0.00	1	1	S	1324350	                Acinetobacter equi
0.00	150	0	O	135624	          Aeromonadales
0.00	150	0	F	84642	            Aeromonadaceae
0.00	149	0	G	642	              Aeromonas
0.00	80	80	S	948519	                Aeromonas rivipollensis
0.00	60	60	S	2033032	                Aeromonas sp. CA23
0.00	4	4	S	644	                Aeromonas hydrophila
0.00	1	1	S	654	                Aeromonas veronii
0.00	1	1	S	645	                Aeromonas salmonicida
0.00	1	0	G	43947	              Tolumonas
0.00	1	1	S	43948	                Tolumonas auensis
0.00	141	0	O	135619	          Oceanospirillales
0.00	89	0	F	28256	            Halomonadaceae
0.00	49	0	G	2745	              Halomonas
0.00	33	33	S	2306583	                Halomonas sp. JS92-SW72
0.00	13	13	S	1504981	                Halomonas sp. KO116
0.00	1	1	S	1897729	                Halomonas aestuarii
0.00	1	1	S	2136172	                Halomonas sp. SF2003
0.00	37	0	G	376488	              Halotalea
0.00	37	37	S	376489	                Halotalea alkalilenta
0.00	1	0	G	504090	              Kushneria
0.00	1	1	S	157779	                Kushneria marisflavi
0.00	1	0	G	42054	              Chromohalobacter
0.00	1	1	S	158080	                Chromohalobacter salexigens
0.00	51	0	F	224372	            Alcanivoracaceae
0.00	51	0	G	59753	              Alcanivorax
0.00	25	25	S	1094342	                Alcanivorax xenomutans
0.00	26	26	S	2014542	                Alcanivorax sp. N3-2A
0.00	1	0	F	2066474	            Endozoicomonadaceae
0.00	1	0	G	305899	              Endozoicomonas
0.00	1	1	S	1027273	                Endozoicomonas montiporae
0.00	80	0	O	135623	          Vibrionales
0.00	80	0	F	641	            Vibrionaceae
0.00	80	0	G	662	              Vibrio
0.00	39	39	S	212663	                Vibrio tasmaniensis
0.00	37	37	S	666	                Vibrio cholerae
0.00	3	3	S	672	                Vibrio vulnificus
0.00	63	0	O	135622	          Alteromonadales
0.00	55	0	F	267888	            Pseudoalteromonadaceae
0.00	55	0	G	53246	              Pseudoalteromonas
0.00	55	55	S	234831	                Pseudoalteromonas sp. SM9913
0.00	4	0	F	72275	            Alteromonadaceae
0.00	4	0	G	2742	              Marinobacter
0.00	2	2	S	1420916	                Marinobacter similis
0.00	1	1	S	2304594	                Marinobacter sp. Arc7-DN-1
0.00	1	1	S	1671721	                Marinobacter sp. CP1
0.00	2	0	F	267890	            Shewanellaceae
0.00	2	0	G	22	              Shewanella
0.00	1	1	S	260364	                Shewanella marisflavi
0.00	1	1	S	359303	                Shewanella loihica
0.00	1	0	F	267892	            Ferrimonadaceae
0.00	1	0	G	44011	              Ferrimonas
0.00	1	1	S	44012	                Ferrimonas balearica
0.00	19	0	O	1692040	          Acidiferrobacterales
0.00	19	0	F	1692041	            Acidiferrobacteraceae
0.00	19	0	G	1692042	              Sulfurifustis
0.00	19	19	S	1675686	                Sulfurifustis variabilis
0.00	12	0	O	135614	          Xanthomonadales
0.00	10	0	F	32033	            Xanthomonadaceae
0.00	6	0	G	40323	              Stenotrophomonas
0.00	6	0	G1	995085	                Stenotrophomonas maltophilia group
0.00	2	2	S	2072414	                  Stenotrophomonas sp. ESTM1D_MKCIP4_1
0.00	3	3	S	40324	                  Stenotrophomonas maltophilia
0.00	2	2	G	338	              Xanthomonas
0.00	1	0	G	83618	              Pseudoxanthomonas
0.00	1	1	S	415229	                Pseudoxanthomonas spadix
0.00	2	0	F	1775411	            Rhodanobacteraceae
0.00	2	0	G	70411	              Frateuria
0.00	2	2	S	81475	                Frateuria aurantia
0.00	5	0	O	135613	          Chromatiales
0.00	3	0	F	1046	            Chromatiaceae
0.00	2	0	G	1227	              Nitrosococcus
0.00	2	2	S	133539	                Nitrosococcus halophilus
0.00	1	0	G	13724	              Thiocystis
0.00	1	1	S	73141	                Thiocystis violascens
0.00	1	0	F	72276	            Ectothiorhodospiraceae
0.00	1	0	G	106633	              Thioalkalivibrio
0.00	1	1	S	1033854	                Thioalkalivibrio sulfidiphilus
0.00	45	0	O	135625	          Pasteurellales
0.00	45	0	F	712	            Pasteurellaceae
0.00	2	0	G	2094023	              Glaesserella
0.00	2	2	S	738	                Glaesserella parasuis
0.00	1	0	G	416916	              Aggregatibacter
0.00	1	1	S	714	                Aggregatibacter actinomycetemcomitans
0.00	41	0	G	745	              Pasteurella
0.00	41	41	S	747	                Pasteurella multocida
0.00	3	0	C1	118884	          unclassified Gammaproteobacteria
0.00	3	0	G	745410	            Gallaecimonas
0.00	3	3	S	2291597	              Gallaecimonas sp. HK-28
0.00	2	0	O	1706369	          Cellvibrionales
0.00	2	0	F	1706373	            Microbulbiferaceae
0.00	2	0	G	48073	              Microbulbifer
0.00	1	1	S	1769779	                Microbulbifer aggregans
0.00	1	1	S	359370	                Microbulbifer sp. A4B17
0.00	1	0	O	742030	          Salinisphaerales
0.00	1	0	F	742031	            Salinisphaeraceae
0.00	1	0	G	180541	              Salinisphaera
0.00	1	1	S	2183911	                Salinisphaera sp. LB1
0.00	1	0	O	72273	          Thiotrichales
0.00	1	0	F	34064	            Francisellaceae
0.00	1	0	G	262	              Francisella
0.00	1	1	S	1547445	                Francisella sp. FSC1006
0.00	1	0	O	135618	          Methylococcales
0.00	1	0	F	403	            Methylococcaceae
0.00	1	0	G	416	              Methylomonas
0.00	1	1	S	1727196	                Methylomonas sp. DH-1
0.01	460	0	C	28216	        Betaproteobacteria
0.01	404	0	O	80840	          Burkholderiales
0.00	243	0	F	119060	            Burkholderiaceae
0.00	140	0	G	32008	              Burkholderia
0.00	48	48	S	1804984	                Burkholderia sp. OLGA172
0.00	92	0	G1	87882	                Burkholderia cepacia complex
0.00	36	36	S	488446	                  Burkholderia latens
0.00	55	55	S	152500	                  Burkholderia dolosa
0.00	67	0	G	106589	              Cupriavidus
0.00	32	32	S	106590	                Cupriavidus necator
0.00	23	23	S	1796606	                Cupriavidus nantongensis
0.00	7	7	S	164546	                Cupriavidus taiwanensis
0.00	2	2	S	119219	                Cupriavidus metallidurans
0.00	2	2	S	82541	                Cupriavidus gilardii
0.00	33	0	G	44013	              Polynucleobacter
0.00	33	33	S	576610	                Polynucleobacter necessarius
0.00	2	0	G	1822464	              Paraburkholderia
0.00	1	1	S	1926494	                Paraburkholderia sp. SOS3
0.00	1	1	S	412963	                Paraburkholderia rhizoxinica
0.00	97	0	F	80864	            Comamonadaceae
0.00	46	0	G	283	              Comamonas
0.00	46	46	S	1082851	                Comamonas serinivorans
0.00	34	0	G	80865	              Delftia
0.00	34	34	S	742013	                Delftia sp. Cs1-4
0.00	12	0	G	47420	              Hydrogenophaga
0.00	12	12	S	1763535	                Hydrogenophaga crassostreae
0.00	2	0	G	34072	              Variovorax
0.00	2	2	S	34073	                Variovorax paradoxus
0.00	1	0	G	12916	              Acidovorax
0.00	1	1	S	80867	                Acidovorax avenae
0.00	49	0	F	75682	            Oxalobacteraceae
0.00	47	0	G	149698	              Massilia
0.00	44	44	S	1141883	                Massilia putida
0.00	1	1	S	2072590	                Massilia armeniaca
0.00	1	1	S	1707785	                Massilia sp. WG5
0.00	2	0	G	202907	              Collimonas
0.00	1	1	S	279113	                Collimonas pratensis
0.00	1	1	S	158899	                Collimonas fungivorans
0.00	14	0	F	506	            Alcaligenaceae
0.00	7	0	G	517	              Bordetella
0.00	2	2	S	1416806	                Bordetella genomosp. 8
0.00	1	1	S	463025	                Bordetella bronchialis
0.00	1	1	S	1331258	                Bordetella pseudohinzii
0.00	1	1	S	103855	                Bordetella hinzii
0.00	6	0	G	507	              Alcaligenes
0.00	6	6	S	511	                Alcaligenes faecalis
0.00	53	0	O	206351	          Neisseriales
0.00	43	0	F	1499392	            Chromobacteriaceae
0.00	42	0	F1	90153	              Chromobacterium group
0.00	42	0	G	535	                Chromobacterium
0.00	42	42	S	536	                  Chromobacterium violaceum
0.00	1	0	G	885864	              Jeongeupia
0.00	1	1	S	1906741	                Jeongeupia sp. USM3
0.00	9	0	F	481	            Neisseriaceae
0.00	7	0	G	59	              Vitreoscilla
0.00	7	7	S	96942	                Vitreoscilla sp. C1
0.00	2	0	G	482	              Neisseria
0.00	2	2	S	28449	                Neisseria subflava
0.00	2	0	O	32003	          Nitrosomonadales
0.00	1	0	F	90627	            Gallionellaceae
0.00	1	0	G	1443590	              Ferriphaselus
0.00	1	1	S	1188319	                Ferriphaselus amnicola
0.00	1	0	F	32011	            Methylophilaceae
0.00	1	1	G	81682	              Methylovorus
0.00	159	0	C	28211	        Alphaproteobacteria
0.00	56	0	O	204441	          Rhodospirillales
0.00	49	0	F	41295	            Rhodospirillaceae
0.00	45	0	G	191	              Azospirillum
0.00	41	41	S	193	                Azospirillum lipoferum
0.00	4	4	S	192	                Azospirillum brasilense
0.00	1	0	G	171436	              Tistrella
0.00	1	1	S	171437	                Tistrella mobilis
0.00	1	0	F1	41296	              unclassified Rhodospirillaceae
0.00	1	1	S	2220096	                Rhodospirillaceae bacterium SCSIO 08040
0.00	1	0	G	1081	              Rhodospirillum
0.00	1	1	S	34018	                Rhodospirillum centenum
0.00	7	0	F	433	            Acetobacteraceae
0.00	6	6	G	1434011	              Komagataeibacter
0.00	1	0	G	125216	              Roseomonas
0.00	1	1	S	2018065	                Roseomonas sp. FDAARGOS_362
0.00	49	0	O	356	          Rhizobiales
0.00	24	0	F	82115	            Rhizobiaceae
0.00	15	0	F1	227290	              Rhizobium/Agrobacterium group
0.00	14	0	G	379	                Rhizobium
0.00	11	11	S	384	                  Rhizobium leguminosarum
0.00	1	1	S	2028343	                  Rhizobium sp. 11515TR
0.00	1	1	S	396	                  Rhizobium phaseoli
0.00	1	0	G	1525371	                Neorhizobium
0.00	1	1	S	2060726	                  Neorhizobium sp. SOG26
0.00	9	0	F1	227292	              Sinorhizobium/Ensifer group
0.00	8	0	G	28105	                Sinorhizobium
0.00	8	0	G1	663276	                  Sinorhizobium fredii group
0.00	8	8	S	380	                    Sinorhizobium fredii
0.00	1	0	G	106591	                Ensifer
0.00	1	1	S	106592	                  Ensifer adhaerens
0.00	10	0	F	41294	            Bradyrhizobiaceae
0.00	5	0	G	374	              Bradyrhizobium
0.00	4	4	S	1223566	                Bradyrhizobium sp. CCGE-LA001
0.00	1	1	S	1437360	                Bradyrhizobium erythrophlei
0.00	5	0	G	1073	              Rhodopseudomonas
0.00	5	5	S	1076	                Rhodopseudomonas palustris
0.00	6	0	F	119045	            Methylobacteriaceae
0.00	5	0	G	407	              Methylobacterium
0.00	1	1	S	2202826	                Methylobacterium sp. 17Sr1-1
0.00	1	1	S	2067957	                Methylobacterium sp. DM1
0.00	1	1	S	2051553	                Methylobacterium currus
0.00	1	1	S	1479019	                Methylobacterium sp. C1
0.00	1	1	S	114616	                Methylobacterium nodulans
0.00	1	1	G	2282523	              Methylorubrum
0.00	3	0	F	45401	            Hyphomicrobiaceae
0.00	1	0	G	1082930	              Pelagibacterium
0.00	1	1	S	531813	                Pelagibacterium halotolerans
0.00	1	0	G	59282	              Blastochloris
0.00	1	1	S	1079	                Blastochloris viridis
0.00	1	0	G	29407	              Rhodoplanes
0.00	1	1	S	674703	                Rhodoplanes sp. Z2-YC6860
0.00	2	0	F	69277	            Phyllobacteriaceae
0.00	1	0	G	68287	              Mesorhizobium
0.00	1	1	S	593909	                Mesorhizobium opportunistum
0.00	1	0	G	31988	              Aminobacter
0.00	1	1	S	83263	                Aminobacter aminovorans
0.00	1	0	F	335928	            Xanthobacteraceae
0.00	1	0	G	6	              Azorhizobium
0.00	1	1	S	7	                Azorhizobium caulinodans
0.00	1	0	F	255475	            Aurantimonadaceae
0.00	1	0	G	293088	              Martelella
0.00	1	1	S	293089	                Martelella mediterranea
0.00	38	0	O	204457	          Sphingomonadales
0.00	37	0	F	41297	            Sphingomonadaceae
0.00	32	0	G	13687	              Sphingomonas
0.00	31	31	S	745310	                Sphingomonas sp. MM-1
0.00	1	1	S	941907	                Sphingomonas indica
0.00	3	0	G	165695	              Sphingobium
0.00	2	2	S	1843368	                Sphingobium sp. RAC03
0.00	1	1	S	484429	                Sphingobium sp. YBL2
0.00	1	0	G	165697	              Sphingopyxis
0.00	1	1	S	1357916	                Sphingopyxis sp. QXT-31
0.00	1	0	F	335929	            Erythrobacteraceae
0.00	1	0	G	1111	              Porphyrobacter
0.00	1	1	S	1112	                Porphyrobacter neustonensis
0.00	14	0	O	204455	          Rhodobacterales
0.00	14	0	F	31989	            Rhodobacteraceae
0.00	9	0	G	302485	              Phaeobacter
0.00	7	7	S	1844006	                Phaeobacter porticola
0.00	2	2	S	221822	                Phaeobacter inhibens
0.00	1	0	G	875170	              Celeribacter
0.00	1	1	S	1411902	                Celeribacter manganoxidans
0.00	1	0	G	227873	              Pannonibacter
0.00	1	1	S	121719	                Pannonibacter phragmitetus
0.00	1	0	G	2433	              Roseobacter
0.00	1	1	S	2434	                Roseobacter denitrificans
0.00	1	0	G	263377	              Salipiger
0.00	1	1	S	1229727	                Salipiger profundus
0.00	1	0	O	204458	          Caulobacterales
0.00	1	0	F	76892	            Caulobacteraceae
0.00	1	0	G	75	              Caulobacter
0.00	1	1	S	69395	                Caulobacter henricii
0.00	1	0	O	766	          Rickettsiales
0.00	1	0	F	942	            Anaplasmataceae
0.00	1	0	G	768	              Anaplasma
0.00	1	0	G1	106179	                phagocytophilum group
0.00	1	1	S	948	                  Anaplasma phagocytophilum
0.00	40	0	P1	68525	        delta/epsilon subdivisions
0.00	39	0	C	28221	          Deltaproteobacteria
0.00	37	0	O	29	            Myxococcales
0.00	34	0	O1	80812	              Sorangiineae
0.00	34	0	F	49	                Polyangiaceae
0.00	34	0	G	39643	                  Sorangium
0.00	34	34	S	56	                    Sorangium cellulosum
0.00	3	0	O1	80811	              Cystobacterineae
0.00	3	0	F	31	                Myxococcaceae
0.00	3	0	G	32	                  Myxococcus
0.00	2	2	S	34	                    Myxococcus xanthus
0.00	1	1	S	1297742	                    Myxococcus hansupus
0.00	1	0	O	213118	            Desulfobacterales
0.00	1	0	F	213121	              Desulfobulbaceae
0.00	1	0	G	893	                Desulfobulbus
0.00	1	1	S	1986146	                  Desulfobulbus sp. ORNL
0.00	1	0	O	69541	            Desulfuromonadales
0.00	1	0	F	213422	              Geobacteraceae
0.00	1	0	G	28231	                Geobacter
0.00	1	1	S	443144	                  Geobacter sp. M21
0.00	1	0	C	29547	          Epsilonproteobacteria
0.00	1	0	O	213849	            Campylobacterales
0.00	1	0	F	72293	              Helicobacteraceae
0.00	1	0	G	209	                Helicobacter
0.00	1	1	S	37372	                  Helicobacter bilis
0.00	1	0	C	1553900	        Oligoflexia
0.00	1	0	O	2024979	          Bacteriovoracales
0.00	1	0	F	263369	            Bacteriovoracaceae
0.00	1	0	G	146784	              Bacteriovorax
0.00	1	1	S	960	                Bacteriovorax stolpii
0.30	19481	0	D1	1783272	      Terrabacteria group
0.17	11218	0	P	1239	        Firmicutes
0.17	11201	0	C	91061	          Bacilli
0.17	11191	0	O	1385	            Bacillales
0.17	10736	0	F	90964	              Staphylococcaceae
0.17	10736	0	G	1279	                Staphylococcus
0.11	6850	6850	S	1282	                  Staphylococcus epidermidis
0.06	3813	3813	S	1280	                  Staphylococcus aureus
0.00	15	15	S	1283	                  Staphylococcus haemolyticus
0.00	27	27	S	1292	                  Staphylococcus warneri
0.00	5	5	S	283734	                  Staphylococcus pseudintermedius
0.00	5	5	S	29388	                  Staphylococcus capitis
0.00	3	3	S	70255	                  Staphylococcus condimenti
0.00	2	2	S	1288	                  Staphylococcus xylosus
0.00	2	2	S	1296	                  Staphylococcus sciuri
0.00	3	3	S	45972	                  Staphylococcus pasteuri
0.00	2	2	S	1281	                  Staphylococcus carnosus
0.00	1	1	S	1286	                  Staphylococcus simulans
0.00	1	1	S	29382	                  Staphylococcus cohnii
0.00	1	1	S	2025492	                  Staphylococcus sp. M0911
0.01	434	0	F	186817	              Bacillaceae
0.01	358	0	G	1386	                Bacillus
0.01	357	0	G1	86661	                  Bacillus cereus group
0.01	357	357	S	1396	                    Bacillus cereus
0.00	1	1	S	79885	                  Bacillus pseudofirmus
0.00	74	0	G	84406	                Virgibacillus
0.00	74	74	S	403957	                  Virgibacillus sp. SK37
0.00	1	1	G	400634	                Lysinibacillus
0.00	1	0	G	351195	                Salimicrobium
0.00	1	1	S	1230341	                  Salimicrobium jeotgali
0.00	10	0	F	186822	              Paenibacillaceae
0.00	10	0	G	44249	                Paenibacillus
0.00	7	7	S	1763538	                  Paenibacillus crassostreae
0.00	1	1	S	61624	                  Paenibacillus mucilaginosus
0.00	1	1	S	528191	                  Paenibacillus xylanexedens
0.00	1	1	S	1462996	                  Paenibacillus yonginensis
0.00	9	0	F	186818	              Planococcaceae
0.00	8	0	G	1649	                Kurthia
0.00	8	8	S	1750719	                  Kurthia sp. 11kri321
0.00	1	0	G	1569	                Sporosarcina
0.00	1	1	S	2283194	                  Sporosarcina sp. PTS2304
0.00	10	0	O	186826	            Lactobacillales
0.00	4	0	F	1300	              Streptococcaceae
0.00	4	0	G	1301	                Streptococcus
0.00	2	2	S	1307	                  Streptococcus suis
0.00	1	1	S	1305	                  Streptococcus sanguinis
0.00	4	0	F	33958	              Lactobacillaceae
0.00	4	0	G	1578	                Lactobacillus
0.00	3	3	S	1599	                  Lactobacillus sakei
0.00	1	1	S	1303590	                  Lactobacillus bombi
0.00	1	0	F	81852	              Enterococcaceae
0.00	1	0	G	1350	                Enterococcus
0.00	1	1	S	53346	                  Enterococcus mundtii
0.00	17	0	C	186801	          Clostridia
0.00	16	0	O	186802	            Clostridiales
0.00	14	0	F	31979	              Clostridiaceae
0.00	14	0	G	1485	                Clostridium
0.00	8	8	S	217159	                  Clostridium carboxidivorans
0.00	6	6	S	1491	                  Clostridium botulinum
0.00	1	0	F	2304686	              Hungateiclostridiaceae
0.00	1	0	G	2304692	                Hungateiclostridium
0.00	1	1	S	288965	                  Hungateiclostridium clariflavum
0.00	1	0	F	541000	              Ruminococcaceae
0.00	1	0	G	1263	                Ruminococcus
0.00	1	1	S	1161942	                  Ruminococcus champanellensis
0.00	1	0	O	68295	            Thermoanaerobacterales
0.00	1	0	F	186814	              Thermoanaerobacteraceae
0.00	1	0	G	202949	                Thermanaeromonas
0.00	1	1	S	161154	                  Thermanaeromonas toyohensis
0.13	8250	0	P	201174	        Actinobacteria
0.13	8250	0	C	1760	          Actinobacteria
0.12	8056	0	O	85006	            Micrococcales
0.12	8048	0	F	1268	              Micrococcaceae
0.12	8043	0	G	32207	                Rothia
0.12	8033	8033	S	43675	                  Rothia mucilaginosa
0.00	9	9	S	2047	                  Rothia dentocariosa
0.00	4	0	G	1663	                Arthrobacter
0.00	1	1	S	1652545	                  Arthrobacter sp. YC-RL1
0.00	1	1	S	656366	                  Arthrobacter alpinus
0.00	1	1	S	290399	                  Arthrobacter sp. FB24
0.00	1	1	S	37928	                  Arthrobacter crystallopoietes
0.00	1	0	G	57493	                Kocuria
0.00	1	1	S	71999	                  Kocuria palustris
0.00	7	0	F	85023	              Microbacteriaceae
0.00	2	0	G	33882	                Microbacterium
0.00	1	1	S	2033	                  Microbacterium testaceum
0.00	1	1	S	367477	                  Microbacterium sp. XT11
0.00	1	0	G	447237	                Frondihabitans
0.00	1	1	S	1795630	                  Frondihabitans sp. PAMC 28766
0.00	1	0	G	518733	                Microterricola
0.00	1	1	S	412690	                  Microterricola viridarii
0.00	1	0	G	69578	                Cryobacterium
0.00	1	1	S	670052	                  Cryobacterium arcticum
0.00	1	0	F1	1655488	                Luna cluster
0.00	1	0	F2	1655489	                  Luna-1 subcluster
0.00	1	0	G	529883	                    Rhodoluna
0.00	1	1	S	535712	                      Candidatus Rhodoluna planktonica
0.00	1	0	F	85021	              Intrasporangiaceae
0.00	1	0	G	265976	                Serinicoccus
0.00	1	1	S	1758689	                  Serinicoccus sp. JLT9
0.00	121	0	O	85011	            Streptomycetales
0.00	121	0	F	2062	              Streptomycetaceae
0.00	120	0	G	1883	                Streptomyces
0.00	47	47	S	1889	                  Streptomyces ambofaciens
0.00	29	29	S	2099584	                  Streptomyces sp. ICC4
0.00	23	23	S	2099583	                  Streptomyces sp. ICC1
0.00	5	5	S	2211357	                  Streptomyces sp. ETH9427
0.00	4	4	S	1265601	                  Streptomyces sp. PAMC 26508
0.00	2	2	S	1855352	                  Streptomyces sp. TLI_053
0.00	1	1	S	1935	                  Streptomyces violaceoruber
0.00	1	1	S	2072505	                  Streptomyces sp. Go-475
0.00	1	1	S	2049881	                  Streptomyces dengpaensis
0.00	1	1	S	47763	                  Streptomyces lydicus
0.00	1	1	S	1616117	                  Streptomyces formicae
0.00	1	1	S	1495638	                  Streptomyces sp. M56
0.00	1	1	S	1262452	                  Streptomyces sp. 769
0.00	1	0	G1	629295	                  Streptomyces griseus group
0.00	1	0	G2	1482561	                    Streptomyces anulatus subgroup
0.00	1	1	S	1892	                      Streptomyces anulatus
0.00	1	0	G	228398	                Streptacidiphilus
0.00	1	1	S	2126346	                  Streptacidiphilus sp. DSM 106435
0.00	30	0	O	85012	            Streptosporangiales
0.00	30	0	F	2004	              Streptosporangiaceae
0.00	28	0	G	83681	                Nonomuraea
0.00	28	28	S	1909395	                  Nonomuraea sp. ATCC 55076
0.00	2	0	G	2000	                Streptosporangium
0.00	2	2	S	2001	                  Streptosporangium roseum
0.00	16	0	O	85007	            Corynebacteriales
0.00	8	0	F	1762	              Mycobacteriaceae
0.00	6	0	G	670516	                Mycobacteroides
0.00	6	6	S	1520670	                  [Mycobacterium] stephanolepidis
0.00	1	0	G	1073531	                Mycolicibacter
0.00	1	1	S	1788	                  Mycolicibacter terrae
0.00	1	0	G	1763	                Mycobacterium
0.00	1	1	S	1809	                  Mycobacterium ulcerans
0.00	4	0	F	85025	              Nocardiaceae
0.00	2	0	G	1827	                Rhodococcus
0.00	2	2	S	1653478	                  Rhodococcus sp. PBTS 1
0.00	2	0	G	1817	                Nocardia
0.00	1	1	S	135487	                  Nocardia cyriacigeorgica
0.00	1	1	S	37330	                  Nocardia nova
0.00	3	0	F	1653	              Corynebacteriaceae
0.00	3	0	G	1716	                Corynebacterium
0.00	1	1	S	187491	                  Corynebacterium glaucum
0.00	1	1	S	161879	                  Corynebacterium kroppenstedtii
0.00	1	1	S	1717	                  Corynebacterium diphtheriae
0.00	1	0	F	85026	              Gordoniaceae
0.00	1	0	G	2053	                Gordonia
0.00	1	1	S	2059875	                  Gordonia sp. YC-JH1
0.00	8	0	O	85009	            Propionibacteriales
0.00	5	0	F	31957	              Propionibacteriaceae
0.00	4	0	G	1912216	                Cutibacterium
0.00	4	4	S	1747	                  Cutibacterium acnes
0.00	1	0	G	1743	                Propionibacterium
0.00	1	1	S	671223	                  Propionibacterium sp. oral taxon 193
0.00	3	0	F	85015	              Nocardioidaceae
0.00	2	0	G	86795	                Marmoricola
0.00	2	2	S	642780	                  Marmoricola scoriae
0.00	1	0	G	1839	                Nocardioides
0.00	1	1	S	450734	                  Nocardioides dokdonensis
0.00	5	0	O	85010	            Pseudonocardiales
0.00	5	0	F	2070	              Pseudonocardiaceae
0.00	2	0	G	2071	                Saccharothrix
0.00	2	2	S	103731	                  Saccharothrix espanaensis
0.00	2	0	G	1813	                Amycolatopsis
0.00	1	1	S	1804986	                  Amycolatopsis albispora
0.00	1	1	S	1814	                  Amycolatopsis methanolica
0.00	1	0	G	1847	                Pseudonocardia
0.00	1	1	S	445576	                  Pseudonocardia sp. AL041005-10
0.00	5	0	O	85008	            Micromonosporales
0.00	5	0	F	28056	              Micromonosporaceae
0.00	5	0	G	1873	                Micromonospora
0.00	3	3	S	1877	                  Micromonospora echinospora
0.00	1	1	S	291594	                  Micromonospora rifamycinica
0.00	2	0	O	2037	            Actinomycetales
0.00	2	0	F	2049	              Actinomycetaceae
0.00	2	0	G	1654	                Actinomyces
0.00	2	2	S	544580	                  Actinomyces oris
0.00	2	0	O	2039638	            Candidatus Nanopelagicales
0.00	2	0	F	2162846	              Candidatus Nanopelagicaceae
0.00	2	0	G	622681	                Candidatus Planktophila
0.00	2	2	S	1884914	                  Candidatus Planktophila dulcis
0.00	1	0	O	1217098	            Jiangellales
0.00	1	0	F	1217100	              Jiangellaceae
0.00	1	0	G	281472	                Jiangella
0.00	1	1	S	419479	                  Jiangella alkaliphila
0.00	1	0	O	622450	            Actinopolysporales
0.00	1	0	F	622451	              Actinopolysporaceae
0.00	1	0	G	1849	                Actinopolyspora
0.00	1	1	S	414996	                  Actinopolyspora erythraea
0.00	1	0	O	85004	            Bifidobacteriales
0.00	1	0	F	31953	              Bifidobacteriaceae
0.00	1	0	G	1678	                Bifidobacterium
0.00	1	1	S	216816	                  Bifidobacterium longum
0.00	8	0	P	1297	        Deinococcus-Thermus
0.00	8	0	C	188787	          Deinococci
0.00	7	0	O	118964	            Deinococcales
0.00	7	0	F	183710	              Deinococcaceae
0.00	7	0	G	1298	                Deinococcus
0.00	7	7	S	980427	                  Deinococcus wulumuqiensis
0.00	1	0	O	68933	            Thermales
0.00	1	0	F	188786	              Thermaceae
0.00	1	0	G	208447	                Oceanithermus
0.00	1	1	S	187137	                  Oceanithermus profundus
0.00	2	0	P	544448	        Tenericutes
0.00	2	0	C	31969	          Mollicutes
0.00	1	0	O	186328	            Entomoplasmatales
0.00	1	0	F	2131	              Spiroplasmataceae
0.00	1	1	G	2132	                Spiroplasma
0.00	1	0	O	2085	            Mycoplasmatales
0.00	1	0	F	2092	              Mycoplasmataceae
0.00	1	0	G	2093	                Mycoplasma
0.00	1	1	G1	656088	                  Mycoplasma mycoides group
0.00	1	0	D2	1798711	        Cyanobacteria/Melainabacteria group
0.00	1	0	P	1117	          Cyanobacteria
0.00	1	1	O	1161	            Nostocales
0.00	1	0	P	200795	        Chloroflexi
0.00	1	0	C	32061	          Chloroflexia
0.00	1	0	O	32064	            Chloroflexales
0.00	1	0	O1	1508595	              Roseiflexineae
0.00	1	0	F	1508635	                Roseiflexaceae
0.00	1	0	G	120961	                  Roseiflexus
0.00	1	1	S	357808	                    Roseiflexus sp. RS-1
0.00	27	0	D1	1783270	      FCB group
0.00	26	0	D2	68336	        Bacteroidetes/Chlorobi group
0.00	25	0	P	976	          Bacteroidetes
0.00	16	0	C	200643	            Bacteroidia
0.00	16	0	O	171549	              Bacteroidales
0.00	16	0	F	815	                Bacteroidaceae
0.00	16	0	G	816	                  Bacteroides
0.00	10	10	S	1796613	                    Bacteroides caecimuris
0.00	3	3	S	28116	                    Bacteroides ovatus
0.00	2	2	S	47678	                    Bacteroides caccae
0.00	6	0	C	768503	            Cytophagia
0.00	6	0	O	768507	              Cytophagales
0.00	5	0	F	89373	                Cytophagaceae
0.00	5	0	G	107	                  Spirosoma
0.00	5	5	S	2057025	                    Spirosoma pollinicola
0.00	1	0	F	1853232	                Hymenobacteraceae
0.00	1	0	G	89966	                  Hymenobacter
0.00	1	1	S	1484116	                    Hymenobacter sp. PAMC 26554
0.00	2	0	O	1100069	            Bacteroidetes Order II. Incertae sedis
0.00	2	0	F	563843	              Rhodothermaceae
0.00	2	0	F1	1196022	                unclassified Rhodothermaceae
0.00	2	2	S	1779382	                  Rhodothermaceae bacterium RA
0.00	1	0	C	1853228	            Chitinophagia
0.00	1	0	O	1853229	              Chitinophagales
0.00	1	0	F	563835	                Chitinophagaceae
0.00	1	0	G	1884792	                  Pseudoflavitalea
0.00	1	1	S	2315862	                    Pseudoflavitalea sp. 5GH32-13
0.00	1	0	P	1090	          Chlorobi
0.00	1	0	C	191410	            Chlorobia
0.00	1	0	O	191411	              Chlorobiales
0.00	1	0	F	191412	                Chlorobiaceae
0.00	1	0	G	256319	                  Chlorobaculum
0.00	1	1	S	1097	                    Chlorobaculum tepidum
0.00	1	0	P	65842	        Fibrobacteres
0.00	1	0	C	204430	          Fibrobacteria
0.00	1	0	O	218872	            Fibrobacterales
0.00	1	0	F	204431	              Fibrobacteraceae
0.00	1	0	G	832	                Fibrobacter
0.00	1	1	S	833	                  Fibrobacter succinogenes
0.00	6	0	D1	1783257	      PVC group
0.00	5	0	P	256845	        Lentisphaerae
0.00	5	0	C	1313211	          Lentisphaeria
0.00	5	0	O	278082	            Victivallales
0.00	5	0	O1	1674876	              unclassified Victivallales
0.00	5	5	S	2094242	                Victivallales bacterium CCUG 44730
0.00	1	0	P	204428	        Chlamydiae
0.00	1	0	C	204429	          Chlamydiia
0.00	1	0	O	51291	            Chlamydiales
0.00	1	0	F	809	              Chlamydiaceae
0.00	1	0	F1	1113537	                Chlamydia/Chlamydophila group
0.00	1	0	G	810	                  Chlamydia
0.00	1	1	S	83557	                    Chlamydia caviae
0.00	1	0	P	200918	      Thermotogae
0.00	1	0	C	188708	        Thermotogae
0.00	1	0	O	1643946	          Kosmotogales
0.00	1	0	F	1643948	            Kosmotogaceae
0.00	1	0	G	651456	              Kosmotoga
0.00	1	1	S	651457	                Kosmotoga olearia
0.00	1	0	P	203691	      Spirochaetes
0.00	1	0	C	203692	        Spirochaetia
0.00	1	0	O	136	          Spirochaetales
0.00	1	0	F	1643685	            Borreliaceae
0.00	1	0	G	138	              Borrelia
0.00	1	1	S	141	                Borrelia parkeri
0.00	1	0	P	57723	      Acidobacteria
0.00	1	0	C	204432	        Acidobacteriia
0.00	1	0	O	204433	          Acidobacteriales
0.00	1	0	F	204434	            Acidobacteriaceae
0.00	1	0	G	658061	              Candidatus Koribacter
0.00	1	1	S	658062	                Candidatus Koribacter versatilis
0.00	1	0	P	32066	      Fusobacteria
0.00	1	0	C	203490	        Fusobacteriia
0.00	1	0	O	203491	          Fusobacteriales
0.00	1	0	F	1129771	            Leptotrichiaceae
0.00	1	0	G	32067	              Leptotrichia
0.00	1	1	S	712357	                Leptotrichia sp. oral taxon 212
0.00	185	0	D	2759	    Eukaryota
0.00	185	0	D1	33154	      Opisthokonta
0.00	185	0	K	33208	        Metazoa
0.00	185	0	K1	6072	          Eumetazoa
0.00	185	0	K2	33213	            Bilateria
0.00	185	0	K3	33511	              Deuterostomia
0.00	185	0	P	7711	                Chordata
0.00	185	0	P1	89593	                  Craniata
0.00	185	0	P2	7742	                    Vertebrata
0.00	185	0	P3	7776	                      Gnathostomata
0.00	185	0	P4	117570	                        Teleostomi
0.00	185	0	P5	117571	                          Euteleostomi
0.00	185	0	P6	8287	                            Sarcopterygii
0.00	185	0	P7	1338369	                              Dipnotetrapodomorpha
0.00	185	0	P8	32523	                                Tetrapoda
0.00	185	0	P9	32524	                                  Amniota
0.00	185	0	C	40674	                                    Mammalia
0.00	185	0	C1	32525	                                      Theria
0.00	185	0	C2	9347	                                        Eutheria
0.00	185	0	C3	1437010	                                          Boreoeutheria
0.00	185	0	C4	314146	                                            Euarchontoglires
0.00	185	0	O	9443	                                              Primates
0.00	185	0	O1	376913	                                                Haplorrhini
0.00	185	0	O2	314293	                                                  Simiiformes
0.00	185	0	O3	9526	                                                    Catarrhini
0.00	185	0	O4	314295	                                                      Hominoidea
0.00	185	0	F	9604	                                                        Hominidae
0.00	185	0	F1	207598	                                                          Homininae
0.00	185	0	G	9605	                                                            Homo
0.00	185	185	S	9606	                                                              Homo sapiens
0.00	4	0	D	2157	    Archaea
0.00	4	0	P	28890	      Euryarchaeota
0.00	4	0	P1	2290931	        Stenosarchaea group
0.00	4	0	C	183963	          Halobacteria
0.00	3	0	O	1644055	            Haloferacales
0.00	2	0	F	1644056	              Haloferacaceae
0.00	1	0	G	376170	                Haloplanus
0.00	1	1	S	1547898	                  Haloplanus sp. CBA1112
0.00	1	0	G	60846	                Halogeometricum
0.00	1	1	S	60847	                  Halogeometricum borinquense
0.00	1	0	F	1963271	              Halorubraceae
0.00	1	0	G	1450140	                Halohasta
0.00	1	1	S	1073996	                  Halohasta litchfieldiae
0.00	1	0	O	2235	            Halobacteriales
0.00	1	0	F	1963268	              Haloarculaceae
0.00	1	0	G	146825	                Halorhabdus
0.00	1	1	S	146826	                  Halorhabdus utahensis
0.01	714	0	D	10239	  Viruses
0.01	714	0	D1	35237	    dsDNA viruses, no RNA stage
0.01	714	0	O	28883	      Caudovirales
0.01	714	0	F	10699	        Siphoviridae
0.01	701	0	G	1623298	          Phietavirus
0.00	199	199	S	1197952	            Staphylococcus virus IPLA5
0.00	213	213	S	399185	            Staphylococcus virus PH15
0.00	123	123	S	1197953	            Staphylococcus virus IPLA7
0.00	159	159	S	398839	            Staphylococcus virus CNPH82
0.00	5	5	S	320840	            Staphylococcus virus 37
0.00	12	0	F1	196894	          unclassified Siphoviridae
0.00	12	12	S	1147043	            Staphylococcus phage StB20
0.00	246	246	R1	28384	  other sequences
