19.46	4793154	4793154	U	0	unclassified
80.54	19843603	0	R	1	root
80.54	19843345	0	R1	131567	  cellular organisms
80.51	19834633	0	D	2	    Bacteria
73.40	18084293	0	D1	1783270	      FCB group
73.40	18084293	0	D2	68336	        Bacteroidetes/Chlorobi group
73.40	18084187	0	P	976	          Bacteroidetes
73.28	18054219	0	C	200643	            Bacteroidia
73.28	18053834	0	O	171549	              Bacteroidales
71.71	17667937	0	F	815	                Bacteroidaceae
71.71	17667937	0	G	816	                  Bacteroides
60.26	14846645	14846645	S	47678	                    Bacteroides caccae
7.26	1788698	1788698	S	357276	                    Bacteroides dorei
1.77	435564	435564	S	818	                    Bacteroides thetaiotaomicron
0.77	190649	190649	S	821	                    Bacteroides vulgatus
0.79	195743	195743	S	817	                    Bacteroides fragilis
0.47	116778	116778	S	1796613	                    Bacteroides caecimuris
0.21	51858	51858	S	28116	                    Bacteroides ovatus
0.08	20570	20570	S	246787	                    Bacteroides cellulosilyticus
0.07	16635	16635	S	376805	                    Bacteroides salanitronis
0.01	2843	2843	S	28119	                    Bacteroides zoogleoformans
0.00	1052	1052	S	290053	                    Bacteroides helcogenes
0.00	793	793	S	28113	                    Bacteroides heparinolyticus
0.00	102	102	S	151276	                    Bacteroides coprosuis
0.61	149761	0	F	1853231	                Odoribacteraceae
0.61	149761	0	G	283168	                  Odoribacter
0.61	149761	149761	S	28118	                    Odoribacter splanchnicus
0.45	110549	0	F	171550	                Rikenellaceae
0.45	110414	0	G	239759	                  Alistipes
0.34	83841	83841	S	214856	                    Alistipes finegoldii
0.11	26573	26573	S	328814	                    Alistipes shahii
0.00	135	0	G	1611681	                  Mucinivorans
0.00	135	135	S	1433126	                    Mucinivorans hirudinis
0.33	82069	0	F	2005525	                Tannerellaceae
0.33	82067	0	G	375288	                  Parabacteroides
0.29	70713	70713	S	2025876	                    Parabacteroides sp. CT06
0.05	11354	11354	S	823	                    Parabacteroides distasonis
0.00	2	0	G	195950	                  Tannerella
0.00	2	2	S	28112	                    Tannerella forsythia
0.09	22889	0	F	2005519	                Barnesiellaceae
0.09	22889	0	G	397864	                  Barnesiella
0.09	22889	22889	S	397865	                    Barnesiella viscericola
0.05	11285	0	F	171552	                Prevotellaceae
0.05	11285	0	G	838	                  Prevotella
0.03	7660	7660	S	28131	                    Prevotella intermedia
0.00	687	687	S	652716	                    Prevotella sp. oral taxon 299
0.00	827	827	S	1177574	                    Prevotella jejuni
0.00	287	287	S	839	                    Prevotella ruminicola
0.00	659	659	S	28129	                    Prevotella denticola
0.00	379	379	S	589436	                    Prevotella fusca
0.00	375	375	S	589437	                    Prevotella scopos
0.00	294	294	S	28132	                    Prevotella melaninogenica
0.00	107	107	S	52227	                    Prevotella dentalis
0.00	5	5	S	76123	                    Prevotella enoeca
0.03	7386	0	F	2005473	                Muribaculaceae
0.03	7386	0	G	1918540	                  Muribaculum
0.03	7386	7386	S	1796646	                    Muribaculum intestinale
0.01	1423	0	F	171551	                Porphyromonadaceae
0.01	1294	0	G	836	                  Porphyromonas
0.00	1100	1100	S	837	                    Porphyromonas gingivalis
0.00	192	192	S	28123	                    Porphyromonas asaccharolytica
0.00	1	1	S	393921	                    Porphyromonas crevioricanis
0.00	129	0	G	307628	                  Petrimonas
0.00	129	129	S	1642646	                    Petrimonas mucosa
0.00	371	0	F	2005520	                Dysgonamonadaceae
0.00	371	0	G	294702	                  Proteiniphilum
0.00	371	371	S	1642647	                    Proteiniphilum saccharofermentans
0.00	157	0	F	2005523	                Paludibacteraceae
0.00	157	0	G	346096	                  Paludibacter
0.00	157	157	S	185300	                    Paludibacter propionicigenes
0.00	1	0	O1	333046	                unclassified Bacteroidales
0.00	1	0	G	511434	                  Candidatus Azobacteroides
0.00	1	1	S	511435	                    Candidatus Azobacteroides pseudotrichonymphae
0.00	385	0	O	1970189	              Marinilabiliales
0.00	315	0	F	1471398	                Prolixibacteraceae
0.00	315	0	G	1471399	                  Draconibacterium
0.00	315	315	S	1168034	                    Draconibacterium orientale
0.00	68	0	F	558415	                Marinilabiliaceae
0.00	68	0	G	1193324	                  Alkalitalea
0.00	68	68	S	889453	                    Alkalitalea saponilacus
0.00	1	0	F	1970190	                Salinivirgaceae
0.00	1	0	G	1970191	                  Salinivirga
0.00	1	1	S	1307839	                    Salinivirga cyanobacteriivorans
0.00	1	0	F	1573805	                Marinifilaceae
0.00	1	0	F1	1717716	                  unclassified Marinifilaceae
0.00	1	1	S	1717717	                    Marinifilaceae bacterium SPP2
0.11	27769	0	C	117743	            Flavobacteriia
0.11	27769	0	O	200644	              Flavobacteriales
0.11	27765	0	F	49546	                Flavobacteriaceae
0.05	13016	0	G	59732	                  Chryseobacterium
0.05	12844	12844	S	1324352	                    Chryseobacterium gallinarum
0.00	169	169	S	253	                    Chryseobacterium indologenes
0.00	1	1	S	2015076	                    Chryseobacterium sp. T16E-39
0.00	1	1	S	878220	                    Chryseobacterium sp. StRB126
0.05	13124	0	G	28250	                  Ornithobacterium
0.05	13124	13124	S	28251	                    Ornithobacterium rhinotracheale
0.00	964	0	G	237	                  Flavobacterium
0.00	490	490	S	996	                    Flavobacterium columnare
0.00	331	331	S	2294119	                    Flavobacterium sp. CJ74
0.00	135	135	S	2183896	                    Flavobacterium sp. HYN0056
0.00	1	1	S	1306519	                    Flavobacterium commune
0.00	1	1	S	1763534	                    Flavobacterium crassostreae
0.00	1	1	S	2175091	                    Flavobacterium sp. HYN0059
0.00	1	1	S	986	                    Flavobacterium johnsoniae
0.00	1	1	S	1784713	                    Flavobacterium arcticum
0.00	321	0	G	1016	                  Capnocytophaga
0.00	201	201	S	1019	                    Capnocytophaga sputigena
0.00	116	116	S	1017	                    Capnocytophaga gingivalis
0.00	2	2	S	327575	                    Capnocytophaga leadbetteri
0.00	1	1	S	1018	                    Capnocytophaga ochracea
0.00	171	171	G	76831	                  Myroides
0.00	125	0	G	1649495	                  Seonamhaeicola
0.00	125	125	S	1936081	                    Seonamhaeicola sp. S2-3
0.00	7	0	G	358023	                  Lutibacter
0.00	5	5	S	1622118	                    Lutibacter profundi
0.00	2	2	S	1850246	                    Lutibacter sp. LPB0138
0.00	5	0	G	52959	                  Polaribacter
0.00	2	2	S	2058137	                    Polaribacter sp. ALD11
0.00	1	1	S	1336804	                    Polaribacter sp. Hel1_33_78
0.00	1	1	S	1312072	                    Polaribacter sp. SA4-12
0.00	1	1	S	313598	                    Polaribacter sp. MED152
0.00	4	0	G	104264	                  Cellulophaga
0.00	3	3	S	76594	                    Cellulophaga baltica
0.00	1	1	S	59600	                    Cellulophaga algicola
0.00	3	0	G	104267	                  Tenacibaculum
0.00	2	2	S	584609	                    Tenacibaculum jejuense
0.00	1	1	S	754423	                    Tenacibaculum sp. SZ-18
0.00	2	0	G	225842	                  Formosa
0.00	1	1	S	1798225	                    Formosa sp. Hel1_31_208
0.00	1	1	S	1336795	                    Formosa sp. Hel3_A1_48
0.00	2	0	G	527198	                  Mariniflexile
0.00	2	2	S	2027857	                    Mariniflexile sp. TRM1-10
0.00	2	0	G	292691	                  Gramella
0.00	1	1	S	1250231	                    Gramella sp. MAR_2010_102
0.00	1	1	S	1250205	                    Gramella sp. MAR_2010_147
0.00	2	0	G	308865	                  Elizabethkingia
0.00	2	2	S	1117645	                    Elizabethkingia anophelis
0.00	1	0	G	1518147	                  Wenyingzhuangia
0.00	1	1	S	1790137	                    Wenyingzhuangia fucanilytica
0.00	1	0	F1	61432	                  unclassified Flavobacteriaceae
0.00	1	1	S	1150389	                    Flavobacteriaceae bacterium UJ101
0.00	1	0	G	83612	                  Psychroflexus
0.00	1	1	S	57029	                    Psychroflexus torquis
0.00	1	0	G	1209327	                  Flavivirga
0.00	1	1	S	1803846	                    Flavivirga eckloniae
0.00	1	0	G	112040	                  Zobellia
0.00	1	1	S	63186	                    Zobellia galactanivorans
0.00	1	1	G	143222	                  Salegentibacter
0.00	1	0	G	178469	                  Arenibacter
0.00	1	1	S	616991	                    Arenibacter algicola
0.00	1	0	G	216431	                  Croceibacter
0.00	1	1	S	313588	                    Croceibacter atlanticus
0.00	1	0	G	221065	                  Kordia
0.00	1	1	S	2282170	                    Kordia sp. SMS9
0.00	1	0	G	252306	                  Robiginitalea
0.00	1	1	S	252307	                    Robiginitalea biformata
0.00	1	1	G	363408	                  Nonlabens
0.00	1	1	G	290174	                  Aquimarina
0.00	1	0	G	417127	                  Zunongwangia
0.00	1	1	S	398743	                    Zunongwangia profunda
0.00	1	0	G	326319	                  Dokdonia
0.00	1	1	S	1239415	                    Dokdonia sp. PRO95
0.00	1	0	G	389486	                  Sediminicola
0.00	1	1	S	1453352	                    Sediminicola sp. YIK13
0.00	1	0	G	336276	                  Olleya
0.00	1	1	S	639310	                    Olleya aquimaris
0.00	4	0	F	39782	                Blattabacteriaceae
0.00	4	0	G	34098	                  Blattabacterium
0.00	2	2	S	1653831	                    Blattabacterium cuenoti
0.00	1	1	S	164516	                    Blattabacterium clevelandi
0.01	1357	0	C	768503	            Cytophagia
0.01	1357	0	O	768507	              Cytophagales
0.00	637	0	F	1853232	                Hymenobacteraceae
0.00	348	0	G	89966	                  Hymenobacter
0.00	234	234	S	1484118	                    Hymenobacter sp. PAMC 26628
0.00	113	113	S	1484116	                    Hymenobacter sp. PAMC 26554
0.00	1	1	S	1411621	                    Hymenobacter sedentarius
0.00	288	0	G	323449	                  Pontibacter
0.00	252	252	S	400092	                    Pontibacter korlensis
0.00	30	30	S	323450	                    Pontibacter actiniarum
0.00	5	5	S	388950	                    Pontibacter akesuensis
0.00	412	0	F	89373	                Cytophagaceae
0.00	207	0	G	861914	                  Fibrella
0.00	207	207	S	651143	                    Fibrella aestuarina
0.00	115	0	G	107	                  Spirosoma
0.00	58	58	S	2057025	                    Spirosoma pollinicola
0.00	20	20	S	1178516	                    Spirosoma montaniterrae
0.00	36	36	S	564064	                    Spirosoma rigui
0.00	87	0	G	105	                  Runella
0.00	87	87	S	2259595	                    Runella sp. HYN0085
0.00	2	0	G	120831	                  Dyadobacter
0.00	2	2	S	94254	                    Dyadobacter fermentans
0.00	251	0	F	563798	                Cyclobacteriaceae
0.00	243	0	G	390846	                  Echinicola
0.00	243	243	S	390884	                    Echinicola vietnamensis
0.00	5	0	G	232244	                  Belliella
0.00	5	5	S	232259	                    Belliella baltica
0.00	2	0	G	68288	                  Cyclobacterium
0.00	2	2	S	104	                    Cyclobacterium marinum
0.00	1	0	G	246875	                  Algoriphagus
0.00	1	1	S	388413	                    Algoriphagus machipongonensis
0.00	55	0	F	200667	                Flammeovirgaceae
0.00	55	0	F1	340671	                  unclassified Flammeovirgaceae
0.00	55	55	S	1257021	                    Flammeovirgaceae bacterium 311
0.00	1	0	F	1937968	                Bernardetiaceae
0.00	1	0	G	1937972	                  Bernardetia
0.00	1	1	S	999	                    Bernardetia litoralis
0.00	1	0	F	1501348	                Amoebophilaceae
0.00	1	0	G	281119	                  Candidatus Amoebophilus
0.00	1	1	S	281120	                    Candidatus Amoebophilus asiaticus
0.00	611	0	C	117747	            Sphingobacteriia
0.00	611	0	O	200666	              Sphingobacteriales
0.00	611	0	F	84566	                Sphingobacteriaceae
0.00	386	0	G	84567	                  Pedobacter
0.00	266	266	S	984	                    Pedobacter heparinus
0.00	112	112	S	363852	                    Pedobacter ginsengisoli
0.00	5	5	S	188932	                    Pedobacter cryoconitis
0.00	1	1	S	1727164	                    Pedobacter sp. PACM 27299
0.00	1	1	S	430522	                    Pedobacter steynii
0.00	141	0	G	423349	                  Mucilaginibacter
0.00	94	94	S	1550579	                    Mucilaginibacter gotjawali
0.00	46	46	S	423351	                    Mucilaginibacter paludis
0.00	1	1	S	1300914	                    Mucilaginibacter sp. PAMC 26640
0.00	82	0	G	929509	                  Solitalea
0.00	82	82	S	995	                    Solitalea canadensis
0.00	1	0	G	28453	                  Sphingobacterium
0.00	1	1	S	1010	                    Sphingobacterium mizutaii
0.00	227	0	C	1853228	            Chitinophagia
0.00	227	0	O	1853229	              Chitinophagales
0.00	227	0	F	563835	                Chitinophagaceae
0.00	221	0	G	379899	                  Niabella
0.00	221	221	S	446683	                    Niabella soli
0.00	5	0	G	79328	                  Chitinophaga
0.00	4	4	S	79329	                    Chitinophaga pinensis
0.00	1	1	S	2033437	                    Chitinophaga sp. MD30
0.00	1	0	G	1769012	                  Arachidicoccus
0.00	1	1	S	2341117	                    Arachidicoccus sp. KIS59-12
0.00	2	0	C	1937959	            Saprospiria
0.00	2	0	O	1936988	              Saprospirales
0.00	2	0	F	1937961	                Haliscomenobacteraceae
0.00	2	0	G	2349	                  Haliscomenobacter
0.00	2	2	S	2350	                    Haliscomenobacter hydrossis
0.00	106	0	P	1090	          Chlorobi
0.00	106	0	C	191410	            Chlorobia
0.00	106	0	O	191411	              Chlorobiales
0.00	106	0	F	191412	                Chlorobiaceae
0.00	105	0	F1	274493	                  Chlorobium/Pelodictyon group
0.00	104	0	G	1099	                    Pelodictyon
0.00	104	104	S	34090	                      Pelodictyon phaeoclathratiforme
0.00	1	0	G	1091	                    Chlorobium
0.00	1	1	S	1096	                      Chlorobium phaeobacteroides
0.00	1	0	G	1101	                  Prosthecochloris
0.00	1	1	S	1868325	                    Prosthecochloris sp. CIB 2401
3.63	894020	0	D1	1783257	      PVC group
3.63	893958	0	P	74201	        Verrucomicrobia
3.63	893867	0	C	203494	          Verrucomicrobiae
3.63	893867	0	O	48461	            Verrucomicrobiales
3.63	893867	0	F	1647988	              Akkermansiaceae
3.63	893867	0	G	239934	                Akkermansia
3.63	893812	893812	S	239935	                  Akkermansia muciniphila
0.00	54	54	S	1679444	                  Akkermansia glycaniphila
0.00	91	0	C	414999	          Opitutae
0.00	91	0	O	415000	            Opitutales
0.00	91	0	F	134623	              Opitutaceae
0.00	91	0	G	2028344	                Ereboglobus
0.00	91	91	S	1796921	                  Ereboglobus luteus
0.00	59	0	P	203682	        Planctomycetes
0.00	59	0	C	203683	          Planctomycetia
0.00	48	0	O	112	            Planctomycetales
0.00	36	0	F	1914233	              Gemmataceae
0.00	36	0	G	113	                Gemmata
0.00	36	36	S	1630693	                  Gemmata sp. SH-PL17
0.00	12	0	F	126	              Planctomycetaceae
0.00	11	0	G	118	                Planctomyces
0.00	11	11	S	1632864	                  Planctomyces sp. SH-PL14
0.00	1	0	G	1649490	                Rubinisphaera
0.00	1	1	S	119	                  Rubinisphaera brasiliensis
0.00	11	0	O	1127829	            Candidatus Brocadiales
0.00	11	0	F	1127830	              Candidatus Brocadiaceae
0.00	11	0	G	380738	                Candidatus Kuenenia
0.00	11	11	S	174633	                  Candidatus Kuenenia stuttgartiensis
0.00	2	0	P	204428	        Chlamydiae
0.00	2	0	C	204429	          Chlamydiia
0.00	2	0	O	51291	            Chlamydiales
0.00	2	0	F	809	              Chlamydiaceae
0.00	2	0	F1	1113537	                Chlamydia/Chlamydophila group
0.00	2	0	G	810	                  Chlamydia
0.00	2	2	S	1806891	                    Chlamydia sp. 2742-308
3.16	777813	0	P	1224	      Proteobacteria
3.15	775820	0	C	1236	        Gammaproteobacteria
3.14	772463	0	O	91347	          Enterobacterales
3.12	768443	0	F	543	            Enterobacteriaceae
2.17	533406	0	G	570	              Klebsiella
1.62	399811	399811	S	244366	                Klebsiella variicola
0.48	118943	118943	S	573	                Klebsiella pneumoniae
0.02	5477	5477	S	571	                Klebsiella oxytoca
0.02	4754	4754	S	1934254	                Klebsiella sp. M5al
0.00	257	257	S	548	                Klebsiella aerogenes
0.00	390	390	S	2026240	                Klebsiella quasivariicola
0.00	1071	1071	S	1463165	                Klebsiella quasipneumoniae
0.01	2434	2434	S	1134687	                Klebsiella michiganensis
0.00	266	266	S	1905288	                Klebsiella sp. LTGPAF-6F
0.53	130497	0	G	544	              Citrobacter
0.52	128382	0	G1	1344959	                Citrobacter freundii complex
0.50	122189	122189	S	67827	                  Citrobacter werkmanii
0.01	2547	2547	S	546	                  Citrobacter freundii
0.01	1690	1690	S	57706	                  Citrobacter braakii
0.00	665	665	S	2077147	                  Citrobacter freundii complex sp. CFNIH3
0.00	607	607	S	2077149	                  Citrobacter freundii complex sp. CFNIH9
0.00	326	326	S	133448	                  Citrobacter youngae
0.00	103	103	S	2066049	                  Citrobacter freundii complex sp. CFNIH2
0.00	251	251	S	2077148	                  Citrobacter freundii complex sp. CFNIH4
0.00	304	304	S	1702170	                Citrobacter sp. FDAARGOS_156
0.00	787	787	S	1703250	                Citrobacter sp. CRE-46
0.00	239	239	S	545	                Citrobacter koseri
0.00	126	126	S	67824	                Citrobacter farmeri
0.00	261	261	S	35703	                Citrobacter amalonaticus
0.00	76	76	S	67825	                Citrobacter rodentium
0.00	48	48	S	1920110	                Citrobacter sp. CFNIH10
0.00	271	271	S	2013114	                Citrobacter sp. 86
0.34	83656	0	G	561	              Escherichia
0.34	83493	83493	S	562	                Escherichia coli
0.00	66	66	S	208962	                Escherichia albertii
0.00	41	41	S	1499973	                Escherichia marmotae
0.00	55	55	S	564	                Escherichia fergusonii
0.03	7603	0	G	547	              Enterobacter
0.03	7346	0	G1	354276	                Enterobacter cloacae complex
0.01	1493	1493	S	550	                  Enterobacter cloacae
0.02	4900	4900	S	158836	                  Enterobacter hormaechei
0.00	473	473	S	2077137	                  Enterobacter cloacae complex sp. FDA-CDC-AR_0132
0.00	252	252	S	61645	                  Enterobacter asburiae
0.00	51	51	S	69218	                  Enterobacter cancerogenus
0.00	79	79	S	299767	                  Enterobacter ludwigii
0.00	32	32	S	2027919	                  Enterobacter cloacae complex sp.
0.00	48	48	S	2077136	                  Enterobacter cloacae complex sp. FDA-CDC-AR_0164
0.00	9	9	S	1812935	                  Enterobacter roggenkampii
0.00	4	4	S	1915310	                  Enterobacter cloacae complex sp. ECNIH7
0.00	110	110	S	399742	                Enterobacter sp. 638
0.00	46	46	S	1914861	                Enterobacter sp. SA187
0.00	25	25	S	1692238	                Enterobacter sp. FY-07
0.00	26	26	S	1977566	                Enterobacter sp. Crenshaw
0.00	14	14	S	881260	                Enterobacter bugandensis
0.00	13	13	S	1166130	                Enterobacter sp. R4-368
0.00	11	11	S	1560339	                Enterobacter sp. E20
0.00	8	8	S	1868135	                Enterobacter sp. HK169
0.02	3916	0	G	160674	              Raoultella
0.02	3852	3852	S	54291	                Raoultella ornithinolytica
0.00	51	51	S	575	                Raoultella planticola
0.00	12	12	S	2259647	                Raoultella sp. X13
0.03	7703	0	G	590	              Salmonella
0.03	7656	7656	S	28901	                Salmonella enterica
0.00	47	47	S	54736	                Salmonella bongori
0.00	271	0	G	413496	              Cronobacter
0.00	166	166	S	28141	                Cronobacter sakazakii
0.00	20	20	S	1163710	                Cronobacter condimenti
0.00	17	17	S	413501	                Cronobacter muytjensii
0.00	14	14	S	413497	                Cronobacter dublinensis
0.00	14	14	S	535744	                Cronobacter universalis
0.00	39	39	S	413503	                Cronobacter malonaticus
0.00	167	0	G	1330547	              Kosakonia
0.00	34	34	S	208223	                Kosakonia cowanii
0.00	41	41	S	497725	                Kosakonia oryzae
0.00	21	21	S	1158459	                Kosakonia sacchari
0.00	69	69	S	283686	                Kosakonia radicincitans
0.00	161	0	G	1330545	              Lelliottia
0.00	66	66	S	1907578	                Lelliottia jeotgali
0.00	46	46	S	61646	                Lelliottia amnigena
0.00	27	27	S	2153385	                Lelliottia sp. WB101
0.00	21	21	S	69220	                Lelliottia nimipressuralis
0.00	374	0	F1	191675	              unclassified Enterobacteriaceae
0.00	374	0	F2	36866	                unclassified Enterobacteriaceae (miscellaneous)
0.00	96	96	S	2066051	                  Enterobacteriaceae bacterium ENNIH1
0.00	41	41	S	693444	                  Enterobacteriaceae bacterium strain FGI 57
0.00	37	37	S	2282310	                  Enterobacteriaceae bacterium w6
0.00	28	28	S	2282309	                  Enterobacteriaceae bacterium w17
0.00	162	162	S	2052938	                  Enterobacteriaceae bacterium S05
0.00	7	7	S	891974	                  Plautia stali symbiont
0.00	133	0	G	158483	              Cedecea
0.00	133	133	S	158822	                Cedecea neteri
0.00	258	0	G	83654	              Leclercia
0.00	212	212	S	1920116	                Leclercia sp. LSNIH3
0.00	32	32	S	1920114	                Leclercia sp. LSNIH1
0.00	12	12	S	83655	                Leclercia adecarboxylata
0.00	119	0	G	1330546	              Pluralibacter
0.00	65	65	S	1334193	                [Enterobacter] lignolyticus
0.00	53	53	S	61647	                Pluralibacter gergoviae
0.00	20	0	G	1335483	              Shimwellia
0.00	20	20	S	563	                Shimwellia blattae
0.00	41	0	G	579	              Kluyvera
0.00	41	41	S	61648	                Kluyvera intermedia
0.00	17	0	G	929812	              Gibbsiella
0.00	17	17	S	929813	                Gibbsiella quercinecans
0.00	92	0	G	620	              Shigella
0.00	69	69	S	623	                Shigella flexneri
0.00	23	23	S	622	                Shigella dysenteriae
0.00	2	0	G	409304	              Candidatus Ishikawaella
0.00	2	2	S	168169	                Candidatus Ishikawaella capsulata
0.01	2448	0	F	1903411	            Yersiniaceae
0.01	1356	0	G	613	              Serratia
0.00	338	338	S	615	                Serratia marcescens
0.00	868	868	S	1758196	                Serratia sp. SSNIH1
0.00	60	60	S	82996	                Serratia plymuthica
0.00	27	27	S	47917	                Serratia fonticola
0.00	22	22	S	61651	                Serratia ficaria
0.00	19	19	S	28151	                Serratia proteamaculans
0.00	9	9	S	614	                Serratia liquefaciens
0.00	5	5	S	671990	                Serratia sp. FGI94
0.00	3	3	S	104623	                Serratia sp. ATCC 39006
0.00	1	1	S	1759437	                Serratia sp. YD25
0.00	931	0	G	629	              Yersinia
0.00	764	0	G1	1649845	                Yersinia pseudotuberculosis complex
0.00	213	213	S	633	                  Yersinia pseudotuberculosis
0.00	546	546	S	632	                  Yersinia pestis
0.00	4	4	S	367190	                  Yersinia similis
0.00	38	38	S	29486	                Yersinia ruckeri
0.00	32	32	S	630	                Yersinia enterocolitica
0.00	12	12	S	29484	                Yersinia frederiksenii
0.00	10	10	S	29483	                Yersinia aldovae
0.00	8	8	S	263819	                Yersinia aleksiciae
0.00	36	36	S	28152	                Yersinia kristensenii
0.00	14	14	S	631	                Yersinia intermedia
0.00	5	5	S	935293	                Yersinia entomophaga
0.00	5	5	S	419257	                Yersinia massiliensis
0.00	1	1	S	29485	                Yersinia rohdei
0.00	151	0	G	34037	              Rahnella
0.00	115	115	S	34038	                Rahnella aquatilis
0.00	27	27	S	1805933	                Rahnella sp. ERMR1:05
0.00	7	7	S	741091	                Rahnella sp. Y9602
0.00	6	0	G	1745211	              Chania
0.00	6	6	S	1639108	                Chania multitudinisentens
0.00	3	0	G	1927833	              Candidatus Fukatsuia
0.00	3	3	S	1878942	                Candidatus Fukatsuia symbiotica
0.00	769	0	F	1903410	            Pectobacteriaceae
0.00	623	0	G	122277	              Pectobacterium
0.00	536	536	S	2042057	                Pectobacterium polaris
0.00	47	47	S	554	                Pectobacterium carotovorum
0.00	21	21	S	29471	                Pectobacterium atrosepticum
0.00	9	9	S	1905730	                Pectobacterium parmentieri
0.00	7	7	S	55208	                Pectobacterium wasabiae
0.00	96	0	G	204037	              Dickeya
0.00	30	30	S	204042	                Dickeya zeae
0.00	27	27	S	556	                Dickeya chrysanthemi
0.00	19	19	S	1089444	                Dickeya solani
0.00	14	14	S	2037915	                Dickeya sp. Secpp 1600
0.00	1	1	S	204039	                Dickeya dianthicola
0.00	1	1	S	204038	                Dickeya dadantii
0.00	1	1	S	69223	                Dickeya paradisiaca
0.00	26	0	G	84565	              Sodalis
0.00	18	18	S	63612	                Sodalis glossinidius
0.00	5	5	S	1929246	                Sodalis endosymbiont of Henestaris halophilus
0.00	3	3	S	1486991	                Candidatus Sodalis pierantonius
0.00	21	0	G	71655	              Brenneria
0.00	15	15	S	1109412	                Brenneria goodwinii
0.00	6	6	S	598467	                Brenneria sp. EniD312
0.00	1	0	G	1082702	              Lonsdalea
0.00	1	1	S	1082704	                Lonsdalea britannica
0.00	490	0	F	1903409	            Erwiniaceae
0.00	348	0	G	53335	              Pantoea
0.00	172	172	S	66269	                Pantoea stewartii
0.00	44	44	S	470934	                Pantoea vagans
0.00	41	0	G1	1654067	                Pantoea agglomerans group
0.00	41	41	S	549	                  Pantoea agglomerans
0.00	24	24	S	553	                Pantoea ananatis
0.00	19	19	S	1076550	                Pantoea rwandensis
0.00	13	13	S	592316	                Pantoea sp. At-9b
0.00	17	17	S	1484158	                Pantoea sp. PSNIH1
0.00	7	7	S	1891675	                Pantoea alhagi
0.00	6	6	S	665914	                Pantoea gaviniae
0.00	100	0	G	551	              Erwinia
0.00	31	31	S	182337	                Erwinia billingiae
0.00	22	22	S	55211	                Erwinia persicina
0.00	14	14	S	1619313	                Erwinia gerundensis
0.00	8	8	S	552	                Erwinia amylovora
0.00	6	6	S	338565	                Erwinia tasmaniensis
0.00	8	8	S	215689	                Erwinia sp. Ejp617
0.00	7	7	S	79967	                Erwinia pyrifoliae
0.00	40	0	G	82986	              Tatumella
0.00	21	21	S	53336	                Tatumella citrea
0.00	18	18	S	82987	                Tatumella ptyseos
0.00	1	0	G	32199	              Buchnera
0.00	1	1	S	9	                Buchnera aphidicola
0.00	117	0	F	1903412	            Hafniaceae
0.00	63	0	G	568	              Hafnia
0.00	57	57	S	569	                Hafnia alvei
0.00	5	5	S	1848580	                Hafnia sp. CBA7124
0.00	33	0	G	635	              Edwardsiella
0.00	7	7	S	93378	                Edwardsiella hoshinae
0.00	7	7	S	67780	                Edwardsiella ictaluri
0.00	16	16	S	1263550	                Edwardsiella piscicida
0.00	1	1	S	636	                Edwardsiella tarda
0.00	21	0	G	82982	              Obesumbacterium
0.00	21	21	S	82983	                Obesumbacterium proteus
0.00	92	0	F	1903414	            Morganellaceae
0.00	34	0	G	581	              Morganella
0.00	34	34	S	582	                Morganella morganii
0.00	19	0	G	626	              Xenorhabdus
0.00	10	10	S	351671	                Xenorhabdus doucetiae
0.00	5	5	S	40576	                Xenorhabdus bovienii
0.00	1	1	S	351679	                Xenorhabdus hominickii
0.00	1	1	S	40577	                Xenorhabdus poinarii
0.00	1	1	S	628	                Xenorhabdus nematophila
0.00	19	0	G	586	              Providencia
0.00	7	7	S	587	                Providencia rettgeri
0.00	3	3	S	588	                Providencia stuartii
0.00	3	3	S	2027290	                Providencia sp. WCHPr000369
0.00	2	2	S	126385	                Providencia alcalifaciens
0.00	1	1	S	516075	                Providencia sneebia
0.00	1	1	S	333962	                Providencia heimbachae
0.00	11	0	G	29487	              Photorhabdus
0.00	3	3	S	291112	                Photorhabdus asymbiotica
0.00	3	3	S	230089	                Photorhabdus thracensis
0.00	5	5	S	2218628	                Photorhabdus laumondii
0.00	7	0	G	583	              Proteus
0.00	6	6	S	585	                Proteus vulgaris
0.00	1	1	S	584	                Proteus mirabilis
0.00	92	0	O1	451511	            unclassified Enterobacterales
0.00	89	0	G	447792	              Phytobacter
0.00	89	89	S	1756993	                Phytobacter sp. SCO41
0.00	3	0	G	702	              Plesiomonas
0.00	3	3	S	703	                Plesiomonas shigelloides
0.00	8	0	F	1903416	            Budviciaceae
0.00	4	0	G	82984	              Pragia
0.00	4	4	S	82985	                Pragia fontium
0.00	4	0	G	82980	              Leminorella
0.00	4	4	S	158841	                Leminorella richardii
0.00	968	0	O	135625	          Pasteurellales
0.00	968	0	F	712	            Pasteurellaceae
0.00	480	0	G	724	              Haemophilus
0.00	435	435	S	729	                Haemophilus parainfluenzae
0.00	11	11	S	249188	                Haemophilus pittmaniae
0.00	17	17	S	727	                Haemophilus influenzae
0.00	9	9	S	726	                Haemophilus haemolyticus
0.00	5	5	S	712310	                Haemophilus sp. oral taxon 036
0.00	169	0	G	416916	              Aggregatibacter
0.00	164	164	S	714	                Aggregatibacter actinomycetemcomitans
0.00	3	3	S	732	                Aggregatibacter aphrophilus
0.00	2	2	S	739	                Aggregatibacter segnis
0.00	299	0	G	745	              Pasteurella
0.00	299	299	S	747	                Pasteurella multocida
0.00	7	0	G	75984	              Mannheimia
0.00	5	5	S	1432056	                Mannheimia sp. USDA-ARS-USMARC-1261
0.00	2	2	S	85404	                Mannheimia varigena
0.00	6	0	G	214906	              Histophilus
0.00	6	6	S	731	                Histophilus somni
0.00	3	0	G	713	              Actinobacillus
0.00	1	1	S	67854	                Actinobacillus succinogenes
0.00	1	1	S	718	                Actinobacillus equuli
0.00	1	1	S	715	                Actinobacillus pleuropneumoniae
0.00	1	0	G	2094023	              Glaesserella
0.00	1	1	S	2030797	                Glaesserella sp. 15-184
0.00	1	0	G	697331	              Basfia
0.00	1	1	S	157673	                [Mannheimia] succiniciproducens
0.00	666	0	O	135623	          Vibrionales
0.00	666	0	F	641	            Vibrionaceae
0.00	655	0	G	662	              Vibrio
0.00	459	459	S	55601	                Vibrio anguillarum
0.00	149	149	S	672	                Vibrio vulnificus
0.00	17	0	G1	717610	                Vibrio harveyi group
0.00	5	5	S	669	                  Vibrio harveyi
0.00	2	2	S	190895	                  Vibrio rotiferianus
0.00	6	6	S	691	                  Vibrio natriegens
0.00	2	2	S	680	                  Vibrio campbellii
0.00	6	6	S	1435069	                Vibrio tritonius
0.00	6	0	G1	1891919	                Vibrio oreintalis group
0.00	6	6	S	29498	                  Vibrio tubiashii
0.00	4	4	S	687	                Vibrio gazogenes
0.00	3	3	S	190893	                Vibrio coralliilyticus
0.00	2	2	S	62153	                Vibrio shilonii
0.00	3	3	S	666	                Vibrio cholerae
0.00	2	2	S	29494	                Vibrio furnissii
0.00	1	1	S	45658	                Vibrio scophthalmi
0.00	1	1	S	676	                Vibrio fluvialis
0.00	5	0	G	657	              Photobacterium
0.00	4	4	S	38293	                Photobacterium damselae
0.00	1	1	S	74109	                Photobacterium profundum
0.00	4	0	G	511678	              Aliivibrio
0.00	3	3	S	668	                Aliivibrio fischeri
0.00	1	1	S	80852	                Aliivibrio wodanis
0.00	1	0	G	188143	              Enterovibrio
0.00	1	1	S	1927128	                Candidatus Enterovibrio luxaltus
0.00	416	0	O	72274	          Pseudomonadales
0.00	378	0	F	135621	            Pseudomonadaceae
0.00	372	0	G	286	              Pseudomonas
0.00	60	0	G1	136841	                Pseudomonas aeruginosa group
0.00	58	58	S	287	                  Pseudomonas aeruginosa
0.00	1	1	S	53412	                  Pseudomonas resinovorans
0.00	52	0	G1	136843	                Pseudomonas fluorescens group
0.00	22	22	S	380021	                  Pseudomonas protegens
0.00	5	5	S	76760	                  Pseudomonas rhodesiae
0.00	20	20	S	294	                  Pseudomonas fluorescens
0.00	3	3	S	75612	                  Pseudomonas mandelii
0.00	55	55	S	1283291	                Pseudomonas sp. URMO17WK12:I11
0.00	50	0	G1	136842	                Pseudomonas chlororaphis group
0.00	16	16	S	587753	                  Pseudomonas chlororaphis
0.00	33	33	S	296	                  Pseudomonas fragi
0.00	55	0	G1	136849	                Pseudomonas syringae group
0.00	44	0	G2	251695	                  Pseudomonas syringae group genomosp. 1
0.00	44	44	S	317	                    Pseudomonas syringae
0.00	10	10	S	50340	                  Pseudomonas fuscovaginae
0.00	10	10	S	2219057	                Pseudomonas sp. LG1E9
0.00	10	0	G1	136845	                Pseudomonas putida group
0.00	10	10	S	303	                  Pseudomonas putida
0.00	2	2	S	472181	                Pseudomonas sabulinigri
0.00	10	10	S	101564	                Pseudomonas alcaliphila
0.00	1	1	S	122355	                Pseudomonas psychrophila
0.00	1	1	S	157783	                Pseudomonas cremoricolorata
0.00	10	10	S	321662	                Pseudomonas moraviensis
0.00	1	1	S	1028989	                Pseudomonas sp. StFLB209
0.00	1	1	S	1392877	                Pseudomonas oryzae
0.00	1	1	S	1434072	                Pseudomonas salegens
0.00	2	2	S	1788301	                Pseudomonas versuta
0.00	43	43	S	1886807	                Pseudomonas sp. TMW 2.1634
0.00	1	1	S	2320867	                Pseudomonas sp. K2W31S-8
0.00	5	0	F1	351	              Azotobacter group
0.00	5	0	G	352	                Azotobacter
0.00	5	5	S	353	                  Azotobacter chroococcum
0.00	38	0	F	468	            Moraxellaceae
0.00	33	0	G	469	              Acinetobacter
0.00	10	0	G1	909768	                Acinetobacter calcoaceticus/baumannii complex
0.00	5	5	S	1785128	                  Acinetobacter lactucae
0.00	3	3	S	106654	                  Acinetobacter nosocomialis
0.00	1	1	S	48296	                  Acinetobacter pittii
0.00	1	1	S	470	                  Acinetobacter baumannii
0.00	4	4	S	487316	                Acinetobacter soli
0.00	4	4	S	40215	                Acinetobacter junii
0.00	2	2	S	1148157	                Acinetobacter oleivorans
0.00	2	2	S	2004646	                Acinetobacter sp. WCHA55
0.00	2	2	S	40214	                Acinetobacter johnsonii
0.00	1	1	S	62977	                Acinetobacter sp. ADP1
0.00	1	1	S	106648	                Acinetobacter bereziniae
0.00	1	1	S	108981	                Acinetobacter schindleri
0.00	1	1	S	1636603	                Acinetobacter sp. ACNIH1
0.00	1	1	S	1758189	                Acinetobacter sp. ACNIH2
0.00	1	1	S	1808001	                Acinetobacter sp. LoGeW2-3
0.00	1	1	S	29430	                Acinetobacter haemolyticus
0.00	4	0	G	475	              Moraxella
0.00	4	4	S	34062	                Moraxella osloensis
0.00	1	0	G	497	              Psychrobacter
0.00	1	1	S	1699621	                Psychrobacter sp. P11F6
0.00	357	0	O	135622	          Alteromonadales
0.00	322	0	F	267888	            Pseudoalteromonadaceae
0.00	322	0	G	53246	              Pseudoalteromonas
0.00	316	316	S	43662	                Pseudoalteromonas piscicida
0.00	3	3	S	43658	                Pseudoalteromonas rubra
0.00	1	1	S	247523	                Pseudoalteromonas aliena
0.00	1	1	S	298657	                Pseudoalteromonas spongiae
0.00	1	1	S	161398	                Pseudoalteromonas phenolica
0.00	10	0	F	267890	            Shewanellaceae
0.00	10	0	G	22	              Shewanella
0.00	4	4	S	271098	                Shewanella halifaxensis
0.00	2	2	S	404011	                Shewanella piezotolerans
0.00	1	1	S	93973	                Shewanella japonica
0.00	1	1	S	70864	                Shewanella pealeana
0.00	1	1	S	60480	                Shewanella sp. MR-4
0.00	1	1	S	359303	                Shewanella loihica
0.00	10	0	F	72275	            Alteromonadaceae
0.00	6	0	G	2742	              Marinobacter
0.00	4	4	S	2743	                Marinobacter hydrocarbonoclasticus
0.00	1	1	S	1749259	                Marinobacter sp. LQ44
0.00	1	1	S	1415568	                Marinobacter sp. LV10R510-11A
0.00	2	0	G	226	              Alteromonas
0.00	2	2	S	2267264	                Alteromonas sp. RKMC-009
0.00	1	0	G	1172191	              Catenovulum
0.00	1	1	S	2172099	                Catenovulum sp. CCB-QB4
0.00	1	0	G	288793	              Salinimonas
0.00	1	1	S	2303538	                Salinimonas sp. N102
0.00	6	0	F	267889	            Colwelliaceae
0.00	6	0	G	28228	              Colwellia
0.00	5	5	S	1816218	                Colwellia sp. PAMC 20917
0.00	1	1	S	28229	                Colwellia psychrerythraea
0.00	3	0	F	267893	            Idiomarinaceae
0.00	3	0	G	135575	              Idiomarina
0.00	2	2	S	135577	                Idiomarina loihiensis
0.00	1	1	S	2100422	                Idiomarina sp. OT37-5b
0.00	3	0	F	267892	            Ferrimonadaceae
0.00	3	0	G	44011	              Ferrimonas
0.00	3	3	S	44012	                Ferrimonas balearica
0.00	2	0	F	267891	            Moritellaceae
0.00	2	0	G	58050	              Moritella
0.00	1	1	S	80854	                Moritella viscosa
0.00	1	1	S	69539	                Moritella yayanosii
0.00	346	0	C1	118884	          unclassified Gammaproteobacteria
0.00	339	0	C2	33811	            unclassified Gammaproteobacteria (miscellaneous)
0.00	339	339	S	83406	              gamma proteobacterium HdN1
0.00	3	0	G	745410	            Gallaecimonas
0.00	3	3	S	2291597	              Gallaecimonas sp. HK-28
0.00	1	0	G	655184	            Candidatus Thioglobus
0.00	1	1	S	1427364	              Candidatus Thioglobus singularis
0.00	1	0	C2	198346	            Candidatus Baumannia
0.00	1	1	S	186490	              Candidatus Baumannia cicadellinicola
0.00	1	0	C2	32036	            sulfur-oxidizing symbionts
0.00	1	1	S	113267	              Bathymodiolus septemdierum thioautotrophic gill symbiont
0.00	266	0	O	135619	          Oceanospirillales
0.00	256	0	F	135620	            Oceanospirillaceae
0.00	255	0	G	187492	              Thalassolituus
0.00	255	255	S	187493	                Thalassolituus oleivorans
0.00	1	0	G	28253	              Marinomonas
0.00	1	1	S	400668	                Marinomonas sp. MWYL1
0.00	4	0	F	224379	            Hahellaceae
0.00	4	0	G	158481	              Hahella
0.00	4	4	S	158327	                Hahella chejuensis
0.00	3	0	F	28256	            Halomonadaceae
0.00	3	0	G	2745	              Halomonas
0.00	1	1	S	1346287	                Halomonas sp. A3H3
0.00	1	1	S	2306583	                Halomonas sp. JS92-SW72
0.00	2	0	F	224372	            Alcanivoracaceae
0.00	1	0	G	2025617	              Ketobacter
0.00	1	1	S	1917421	                Ketobacter alkanivorans
0.00	1	1	G	59753	              Alcanivorax
0.00	233	0	O	1706369	          Cellvibrionales
0.00	230	0	F	1706375	            Spongiibacteraceae
0.00	228	0	G	1434050	              Zhongshania
0.00	228	228	S	1470434	                Zhongshania aliphaticivorans
0.00	2	0	G	630749	              Spongiibacter
0.00	2	2	S	1620392	                Spongiibacter sp. IMCC21906
0.00	2	0	F	1706373	            Microbulbiferaceae
0.00	2	0	G	48073	              Microbulbifer
0.00	1	1	S	359370	                Microbulbifer sp. A4B17
0.00	1	1	S	260552	                Microbulbifer agarilyticus
0.00	1	0	F	1706371	            Cellvibrionaceae
0.00	1	0	G	316625	              Saccharophagus
0.00	1	1	S	86304	                Saccharophagus degradans
0.00	42	0	O	135624	          Aeromonadales
0.00	42	0	F	84642	            Aeromonadaceae
0.00	40	0	G	642	              Aeromonas
0.00	7	7	S	645	                Aeromonas salmonicida
0.00	12	12	S	644	                Aeromonas hydrophila
0.00	5	5	S	2033033	                Aeromonas sp. CU5
0.00	4	4	S	196024	                Aeromonas dhakensis
0.00	3	3	S	654	                Aeromonas veronii
0.00	3	3	S	1636609	                Aeromonas sp. ASNIH4
0.00	2	2	S	648	                Aeromonas caviae
0.00	1	1	S	2033032	                Aeromonas sp. CA23
0.00	1	0	G	347533	              Zobellella
0.00	1	1	S	347534	                Zobellella denitrificans
0.00	1	0	G	129577	              Oceanimonas
0.00	1	1	S	511062	                Oceanimonas sp. GK1
0.00	31	0	O	135614	          Xanthomonadales
0.00	24	0	F	32033	            Xanthomonadaceae
0.00	5	0	G	40323	              Stenotrophomonas
0.00	3	3	S	1827305	                Stenotrophomonas sp. MYb57
0.00	2	0	G1	995085	                Stenotrophomonas maltophilia group
0.00	1	1	S	2072405	                  Stenotrophomonas sp. ZAC14D2_NAIMI4_7
0.00	1	1	S	40324	                  Stenotrophomonas maltophilia
0.00	5	0	G	2370	              Xylella
0.00	4	4	S	2371	                Xylella fastidiosa
0.00	1	1	S	1444770	                Xylella taiwanensis
0.00	12	0	G	338	              Xanthomonas
0.00	2	2	S	56459	                Xanthomonas vasicola
0.00	9	0	G1	643453	                Xanthomonas citri group
0.00	9	9	S	346	                  Xanthomonas citri
0.00	1	1	S	347	                Xanthomonas oryzae
0.00	1	0	G	68	              Lysobacter
0.00	1	1	S	1605891	                Lysobacter maris
0.00	7	0	F	1775411	            Rhodanobacteraceae
0.00	6	0	G	231454	              Dyella
0.00	6	6	S	231455	                Dyella japonica
0.00	1	0	G	2233801	              Ahniella
0.00	1	1	S	2021234	                Ahniella affigens
0.00	11	0	O	135613	          Chromatiales
0.00	9	0	F	1046	            Chromatiaceae
0.00	7	0	G	53392	              Thiodictyon
0.00	7	7	S	1166950	                Candidatus Thiodictyon syntrophicum
0.00	1	0	G	1980513	              Candidatus Nitrosoglobus
0.00	1	1	S	1630141	                Candidatus Nitrosoglobus terrae
0.00	1	0	G	13724	              Thiocystis
0.00	1	1	S	73141	                Thiocystis violascens
0.00	2	0	F	72276	            Ectothiorhodospiraceae
0.00	1	0	G	1765964	              Acidihalobacter
0.00	1	1	S	160660	                Acidihalobacter prosperus
0.00	1	0	G	106633	              Thioalkalivibrio
0.00	1	1	S	1033854	                Thioalkalivibrio sulfidiphilus
0.00	8	0	O	118969	          Legionellales
0.00	7	0	F	444	            Legionellaceae
0.00	5	0	G	465	              Tatlockia
0.00	5	5	S	451	                Tatlockia micdadei
0.00	2	0	G	445	              Legionella
0.00	2	2	S	446	                Legionella pneumophila
0.00	1	0	F	118968	            Coxiellaceae
0.00	1	0	G	776	              Coxiella
0.00	1	1	S	777	                Coxiella burnetii
0.00	5	0	O	135618	          Methylococcales
0.00	5	0	F	403	            Methylococcaceae
0.00	4	0	G	416	              Methylomonas
0.00	2	2	S	1538553	                Methylomonas denitrificans
0.00	2	2	S	702114	                Methylomonas koyamae
0.00	1	0	G	39773	              Methylomicrobium
0.00	1	1	S	39775	                Methylomicrobium album
0.00	2	0	O	1692040	          Acidiferrobacterales
0.00	2	0	F	1692041	            Acidiferrobacteraceae
0.00	1	0	G	1744881	              Sulfuricaulis
0.00	1	1	S	1620215	                Sulfuricaulis limicola
0.00	1	0	G	1692042	              Sulfurifustis
0.00	1	1	S	1675686	                Sulfurifustis variabilis
0.01	1269	0	C	28216	        Betaproteobacteria
0.00	780	0	O	80840	          Burkholderiales
0.00	402	0	F	119060	            Burkholderiaceae
0.00	332	0	G	1822464	              Paraburkholderia
0.00	331	331	S	169430	                Paraburkholderia hospita
0.00	1	1	S	948107	                Paraburkholderia sprentiae
0.00	49	0	G	32008	              Burkholderia
0.00	47	0	G1	87882	                Burkholderia cepacia complex
0.00	41	41	S	152500	                  Burkholderia dolosa
0.00	2	2	S	95486	                  Burkholderia cenocepacia
0.00	1	1	S	292	                  Burkholderia cepacia
0.00	1	1	S	101571	                  Burkholderia ubonensis
0.00	1	1	S	87883	                  Burkholderia multivorans
0.00	1	1	S	1740163	                Burkholderia sp. Bp7605
0.00	1	1	G1	111527	                pseudomallei group
0.00	6	0	G	93217	              Pandoraea
0.00	4	4	S	93220	                Pandoraea pnomenusa
0.00	2	2	S	93218	                Pandoraea apista
0.00	5	0	G	106589	              Cupriavidus
0.00	5	5	S	248026	                Cupriavidus pinatubonensis
0.00	5	0	G	44013	              Polynucleobacter
0.00	3	3	S	576611	                Polynucleobacter asymbioticus
0.00	1	1	S	1743172	                Polynucleobacter sp. MWH-Creno-4B4
0.00	1	1	S	556053	                Polynucleobacter acidiphobus
0.00	2	0	G	48736	              Ralstonia
0.00	1	0	G1	209769	                unclassified Ralstonia
0.00	1	1	S	1944648	                  blood disease bacterium A2-HR MARDI
0.00	1	1	S	329	                Ralstonia pickettii
0.00	1	0	G	157932	              Paucimonas
0.00	1	1	S	29443	                Paucimonas lemoignei
0.00	341	0	F	75682	            Oxalobacteraceae
0.00	337	0	G	29580	              Janthinobacterium
0.00	333	333	S	375286	                Janthinobacterium sp. Marseille
0.00	2	2	S	1938606	                Janthinobacterium sp. LM6
0.00	1	1	S	55508	                Janthinobacterium agaricidamnosum
0.00	2	0	G	202907	              Collimonas
0.00	1	1	S	279113	                Collimonas pratensis
0.00	1	1	S	158899	                Collimonas fungivorans
0.00	2	0	G	963	              Herbaspirillum
0.00	1	1	S	2025949	                Herbaspirillum sp. meg3
0.00	1	1	S	80842	                Herbaspirillum rubrisubalbicans
0.00	16	0	F	80864	            Comamonadaceae
0.00	12	0	G	12916	              Acidovorax
0.00	8	8	S	80867	                Acidovorax avenae
0.00	1	1	S	553814	                Acidovorax carolinensis
0.00	1	1	S	358220	                Acidovorax sp. KKS102
0.00	1	1	S	80869	                Acidovorax citrulli
0.00	2	0	F1	83494	              unclassified Comamonadaceae
0.00	2	2	S	1458425	                Comamonadaceae bacterium A1
0.00	1	0	G	219181	              Ottowia
0.00	1	1	S	1658672	                Ottowia sp. oral taxon 894
0.00	1	0	G	665874	              Limnohabitans
0.00	1	1	S	1678128	                Limnohabitans sp. 63ED37-2
0.00	12	0	F	506	            Alcaligenaceae
0.00	7	0	G	507	              Alcaligenes
0.00	5	5	S	511	                Alcaligenes faecalis
0.00	2	2	S	323284	                Alcaligenes aquatilis
0.00	2	0	G	359336	              Castellaniella
0.00	2	2	S	75697	                Castellaniella defragrans
0.00	2	0	G	222	              Achromobacter
0.00	2	2	S	85698	                Achromobacter xylosoxidans
0.00	1	0	G	90243	              Oligella
0.00	1	1	S	90245	                Oligella urethralis
0.00	7	0	O1	119065	            unclassified Burkholderiales
0.00	5	0	O2	80841	              unclassified Burkholderiales (miscellaneous)
0.00	5	5	S	1834205	                Burkholderiales bacterium YL45
0.00	2	0	O2	224471	              Burkholderiales Genera incertae sedis
0.00	1	0	G	318147	                Paucibacter
0.00	1	1	S	1768242	                  Paucibacter sp. KCTC 42545
0.00	1	0	G	88	                Leptothrix
0.00	1	1	S	34029	                  Leptothrix cholodnii
0.00	452	0	O	206351	          Neisseriales
0.00	448	0	F	1499392	            Chromobacteriaceae
0.00	448	0	F1	90153	              Chromobacterium group
0.00	448	0	G	535	                Chromobacterium
0.00	445	445	S	1108595	                  Chromobacterium vaccinii
0.00	1	1	S	2059672	                  Chromobacterium sp. ATCC 53434
0.00	1	1	S	1778675	                  Chromobacterium rhizoryzae
0.00	1	1	S	536	                  Chromobacterium violaceum
0.00	4	0	F	481	            Neisseriaceae
0.00	2	0	G	482	              Neisseria
0.00	1	1	S	28449	                Neisseria subflava
0.00	1	1	S	483	                Neisseria cinerea
0.00	1	0	G	538	              Eikenella
0.00	1	1	S	539	                Eikenella corrodens
0.00	1	0	G	59	              Vitreoscilla
0.00	1	1	S	96942	                Vitreoscilla sp. C1
0.00	27	0	O	206389	          Rhodocyclales
0.00	26	0	F	2008794	            Zoogloeaceae
0.00	23	0	G	33057	              Thauera
0.00	23	23	S	85643	                Thauera sp. MZ1T
0.00	2	0	G	12960	              Azoarcus
0.00	1	1	S	748247	                Azoarcus sp. KH32C
0.00	1	1	S	62928	                Azoarcus sp. BH72
0.00	1	0	F	2008795	            Azonexaceae
0.00	1	0	G	73029	              Dechloromonas
0.00	1	1	S	2231055	                Dechloromonas sp. HYN0024
0.00	7	0	O	32003	          Nitrosomonadales
0.00	4	0	F	206379	            Nitrosomonadaceae
0.00	4	0	G	914	              Nitrosomonas
0.00	4	4	S	916	                Nitrosomonas eutropha
0.00	2	0	F	32011	            Methylophilaceae
0.00	1	0	G	359407	              Methylotenera
0.00	1	1	S	1055487	                Methylotenera versatilis
0.00	1	0	G	404	              Methylobacillus
0.00	1	1	S	405	                Methylobacillus flagellatus
0.00	1	1	O1	1660158	            unclassified Nitrosomonadales
0.00	2	0	C1	119066	          unclassified Betaproteobacteria
0.00	2	0	G	327159	            Candidatus Accumulibacter
0.00	2	2	S	327160	              Candidatus Accumulibacter phosphatis
0.00	468	0	P1	68525	        delta/epsilon subdivisions
0.00	411	0	C	28221	          Deltaproteobacteria
0.00	366	0	O	213115	            Desulfovibrionales
0.00	366	0	F	194924	              Desulfovibrionaceae
0.00	366	0	G	872	                Desulfovibrio
0.00	221	221	S	44742	                  Desulfovibrio fairfieldensis
0.00	141	141	S	881	                  Desulfovibrio vulgaris
0.00	1	1	S	644968	                  Desulfovibrio sp. FW1012B
0.00	1	1	S	191026	                  Desulfovibrio hydrothermalis
0.00	1	1	S	880	                  Desulfovibrio salexigens
0.00	1	1	S	879	                  Desulfovibrio gigas
0.00	31	0	O	213118	            Desulfobacterales
0.00	31	0	F	213121	              Desulfobulbaceae
0.00	31	0	G	53318	                Desulfocapsa
0.00	31	31	S	65555	                  Desulfocapsa sulfexigens
0.00	8	0	O	29	            Myxococcales
0.00	5	0	O1	80812	              Sorangiineae
0.00	5	0	F	49	                Polyangiaceae
0.00	5	0	G	39643	                  Sorangium
0.00	5	5	S	56	                    Sorangium cellulosum
0.00	3	0	O1	80811	              Cystobacterineae
0.00	2	0	F	39	                Archangiaceae
0.00	1	0	G	47	                  Archangium
0.00	1	1	S	48	                    Archangium gephyra
0.00	1	0	G	42	                  Cystobacter
0.00	1	1	S	43	                    Cystobacter fuscus
0.00	1	0	F	31	                Myxococcaceae
0.00	1	0	G	32	                  Myxococcus
0.00	1	1	S	34	                    Myxococcus xanthus
0.00	3	0	O	69541	            Desulfuromonadales
0.00	2	0	F	213422	              Geobacteraceae
0.00	2	0	G	28231	                Geobacter
0.00	2	2	S	351604	                  Geobacter uraniireducens
0.00	1	0	F	213421	              Desulfuromonadaceae
0.00	1	0	G	18	                Pelobacter
0.00	1	1	S	19	                  Pelobacter carbinolicus
0.00	1	0	F	1902584	            Candidatus Desulfofervidaceae
0.00	1	0	G	1902583	              Candidatus Desulfofervidus
0.00	1	1	S	1621989	                Candidatus Desulfofervidus auxilii
0.00	1	0	O	213113	            Desulfurellales
0.00	1	0	F	117942	              Desulfurellaceae
0.00	1	0	G	84404	                Hippea
0.00	1	1	S	84405	                  Hippea maritima
0.00	56	0	C	29547	          Epsilonproteobacteria
0.00	55	0	O	213849	            Campylobacterales
0.00	53	0	F	72294	              Campylobacteraceae
0.00	53	0	G	194	                Campylobacter
0.00	20	20	S	827	                  Campylobacter ureolyticus
0.00	17	17	S	199	                  Campylobacter concisus
0.00	5	5	S	824	                  Campylobacter gracilis
0.00	3	3	S	195	                  Campylobacter coli
0.00	1	1	S	201	                  Campylobacter lari
0.00	6	6	S	197	                  Campylobacter jejuni
0.00	2	0	F	72293	              Helicobacteraceae
0.00	1	0	G	286130	                Sulfuricurvum
0.00	1	1	S	148813	                  Sulfuricurvum kujiense
0.00	1	0	G	209	                Helicobacter
0.00	1	1	S	138563	                  Helicobacter cetorum
0.00	1	0	O	235899	            Nautiliales
0.00	1	0	F	224467	              Nautiliaceae
0.00	1	0	G	191291	                Nautilia
0.00	1	1	S	244787	                  Nautilia profundicola
0.00	250	0	C	28211	        Alphaproteobacteria
0.00	91	0	O	356	          Rhizobiales
0.00	40	0	F	45401	            Hyphomicrobiaceae
0.00	40	0	G	623276	              Maritalea
0.00	40	40	S	454601	                Maritalea myrionectae
0.00	24	0	F	82115	            Rhizobiaceae
0.00	16	0	F1	227290	              Rhizobium/Agrobacterium group
0.00	11	0	G	357	                Agrobacterium
0.00	11	0	G1	1183400	                  Agrobacterium tumefaciens complex
0.00	11	11	S	358	                    Agrobacterium tumefaciens
0.00	4	0	G	379	                Rhizobium
0.00	1	1	S	384	                  Rhizobium leguminosarum
0.00	1	1	S	398	                  Rhizobium tropici
0.00	1	1	S	2048897	                  Rhizobium sp. NXC24
0.00	8	0	F1	227292	              Sinorhizobium/Ensifer group
0.00	7	0	G	28105	                Sinorhizobium
0.00	6	0	G1	663276	                  Sinorhizobium fredii group
0.00	6	6	S	380	                    Sinorhizobium fredii
0.00	1	1	S	110321	                  Sinorhizobium medicae
0.00	1	0	G	106591	                Ensifer
0.00	1	1	S	716925	                  Ensifer sojae
0.00	10	0	F	41294	            Bradyrhizobiaceae
0.00	7	0	G	374	              Bradyrhizobium
0.00	3	3	S	1404367	                Bradyrhizobium sp. 3 85S1MB
0.00	1	1	S	1355477	                Bradyrhizobium diazoefficiens
0.00	1	1	S	288000	                Bradyrhizobium sp. BTAi1
0.00	1	1	S	1404768	                Bradyrhizobium sp. 2 39S1MB
0.00	2	0	G	85413	              Bosea
0.00	2	2	S	2015316	                Bosea sp. AS-1
0.00	4	0	F	119045	            Methylobacteriaceae
0.00	1	0	G	2282523	              Methylorubrum
0.00	1	1	S	223967	                Methylorubrum populi
0.00	1	0	G	186650	              Microvirga
0.00	1	1	S	1882682	                Microvirga ossetica
0.00	1	0	G	407	              Methylobacterium
0.00	1	1	S	2202825	                Methylobacterium sp. 17SD2-17
0.00	5	0	F	118882	            Brucellaceae
0.00	5	0	G	528	              Ochrobactrum
0.00	5	5	S	529	                Ochrobactrum anthropi
0.00	1	0	F	335928	            Xanthobacteraceae
0.00	1	0	G	556257	              Pseudolabrys
0.00	1	1	S	331696	                Pseudolabrys taiwanensis
0.00	1	0	O1	119042	            unclassified Rhizobiales
0.00	1	0	G	1572860	              Hartmannibacter
0.00	1	1	S	1482074	                Hartmannibacter diazotrophicus
0.00	1	0	F	69277	            Phyllobacteriaceae
0.00	1	0	G	31988	              Aminobacter
0.00	1	1	S	374606	                Aminobacter sp. MSH1
0.00	1	0	F	31993	            Methylocystaceae
0.00	1	0	G	425	              Methylosinus
0.00	1	1	S	426	                Methylosinus trichosporium
0.00	66	0	O	204441	          Rhodospirillales
0.00	59	0	F	41295	            Rhodospirillaceae
0.00	53	0	G	1804663	              Haematospirillum
0.00	53	53	S	1549855	                Haematospirillum jordaniae
0.00	6	0	G	191	              Azospirillum
0.00	3	3	S	1226968	                Azospirillum humicireducens
0.00	1	1	S	682998	                Azospirillum sp. M2T2B2
0.00	1	1	S	193	                Azospirillum lipoferum
0.00	6	0	F	433	            Acetobacteraceae
0.00	2	0	G	364409	              Granulibacter
0.00	2	2	S	364410	                Granulibacter bethesdensis
0.00	1	0	G	1434011	              Komagataeibacter
0.00	1	1	S	265960	                Komagataeibacter nataicola
0.00	2	0	G	522	              Acidiphilium
0.00	2	2	S	524	                Acidiphilium cryptum
0.00	1	0	G	441	              Gluconobacter
0.00	1	1	S	442	                Gluconobacter oxydans
0.00	61	0	O	204457	          Sphingomonadales
0.00	54	0	F	41297	            Sphingomonadaceae
0.00	37	0	G	13687	              Sphingomonas
0.00	37	37	S	152682	                Sphingomonas melonis
0.00	7	0	G	165695	              Sphingobium
0.00	4	4	S	1673076	                Sphingobium hydrophobicum
0.00	1	1	S	2072936	                Sphingobium sp. SCG-1
0.00	1	1	S	13690	                Sphingobium yanoikuyae
0.00	2	0	G	165696	              Novosphingobium
0.00	2	2	S	48935	                Novosphingobium aromaticivorans
0.00	6	0	G	541	              Zymomonas
0.00	6	6	S	542	                Zymomonas mobilis
0.00	1	0	G	165697	              Sphingopyxis
0.00	1	1	S	117207	                Sphingopyxis alaskensis
0.00	6	0	F	335929	            Erythrobacteraceae
0.00	3	0	G	1041	              Erythrobacter
0.00	2	2	S	1922225	                Erythrobacter sp. Alg231-14
0.00	1	1	S	502682	                Erythrobacter gangjinensis
0.00	3	0	G	1111	              Porphyrobacter
0.00	3	3	S	2023229	                Porphyrobacter HT-58-2
0.00	28	0	O	204455	          Rhodobacterales
0.00	28	0	F	31989	            Rhodobacteraceae
0.00	15	0	G	875170	              Celeribacter
0.00	14	14	S	1758178	                Celeribacter ethanolicus
0.00	1	1	S	1411902	                Celeribacter manganoxidans
0.00	6	0	G	1649279	              Epibacterium
0.00	6	6	S	379347	                Epibacterium mobile
0.00	1	0	G	265	              Paracoccus
0.00	1	1	S	34003	                Paracoccus aminophilus
0.00	1	0	G	60136	              Sulfitobacter
0.00	1	1	S	1389004	                Sulfitobacter sp. SK011
0.00	1	0	G	97050	              Ruegeria
0.00	1	1	S	2293862	                Ruegeria sp. AD91A
0.00	1	0	G	478070	              Labrenzia
0.00	1	1	S	2021862	                Labrenzia sp. VG12
0.00	1	0	G	1060	              Rhodobacter
0.00	1	1	S	1063	                Rhodobacter sphaeroides
0.00	2	0	O	766	          Rickettsiales
0.00	2	0	F	942	            Anaplasmataceae
0.00	1	0	F1	952	              Wolbachieae
0.00	1	1	G	953	                Wolbachia
0.00	1	0	G	943	              Ehrlichia
0.00	1	0	G1	106178	                canis group
0.00	1	1	S	944	                  Ehrlichia canis
0.00	1	0	O	54526	          Pelagibacterales
0.00	1	0	F	1655514	            Pelagibacteraceae
0.00	1	0	G	198251	              Candidatus Pelagibacter
0.00	1	1	S	1002672	                Candidatus Pelagibacter sp. IMCC9063
0.00	5	0	C	1553900	        Oligoflexia
0.00	5	0	O	213481	          Bdellovibrionales
0.00	5	0	F	213483	            Bdellovibrionaceae
0.00	5	0	G	958	              Bdellovibrio
0.00	5	5	S	959	                Bdellovibrio bacteriovorus
0.32	78110	0	D1	1783272	      Terrabacteria group
0.30	74874	0	P	1239	        Firmicutes
0.24	59128	0	C	909932	          Negativicutes
0.24	59121	0	O	1843489	            Veillonellales
0.24	59121	0	F	31977	              Veillonellaceae
0.24	59121	0	G	29465	                Veillonella
0.24	58442	58442	S	29466	                  Veillonella parvula
0.00	678	678	S	248315	                  Veillonella rodentium
0.00	5	0	O	909929	            Selenomonadales
0.00	3	0	F	1843490	              Sporomusaceae
0.00	3	0	G	365348	                Pelosinus
0.00	3	3	S	365349	                  Pelosinus fermentans
0.00	2	0	F	1843491	              Selenomonadaceae
0.00	2	0	G	158846	                Megamonas
0.00	2	2	S	158847	                  Megamonas hypermegale
0.00	2	0	O	1843488	            Acidaminococcales
0.00	2	0	F	909930	              Acidaminococcaceae
0.00	2	0	G	904	                Acidaminococcus
0.00	1	1	S	187327	                  Acidaminococcus intestini
0.00	1	1	S	905	                  Acidaminococcus fermentans
0.06	13680	0	C	91061	          Bacilli
0.05	12583	0	O	186826	            Lactobacillales
0.03	8313	0	F	81852	              Enterococcaceae
0.03	8313	0	G	1350	                Enterococcus
0.02	4681	4681	S	37734	                  Enterococcus casseliflavus
0.00	1109	1109	S	2060307	                  Enterococcus sp. FDAARGOS_375
0.01	1579	1579	S	2057791	                  Enterococcus sp. CR-Ec1
0.00	673	673	S	2060306	                  Enterococcus sp. FDAARGOS_163
0.00	159	159	S	1352	                  Enterococcus faecium
0.00	94	94	S	1351	                  Enterococcus faecalis
0.00	6	6	S	53346	                  Enterococcus mundtii
0.00	3	3	S	160453	                  Enterococcus gilvus
0.00	2	2	S	53345	                  Enterococcus durans
0.00	1	1	S	2005703	                  Enterococcus wangshanyuanii
0.00	1	1	S	1354	                  Enterococcus hirae
0.02	4112	0	F	33958	              Lactobacillaceae
0.02	4112	0	G	1578	                Lactobacillus
0.02	3710	3710	S	47715	                  Lactobacillus rhamnosus
0.00	63	63	S	1587	                  Lactobacillus helveticus
0.00	308	308	S	1590	                  Lactobacillus plantarum
0.00	9	0	G1	655183	                  Lactobacillus casei group
0.00	9	9	S	1582	                    Lactobacillus casei
0.00	8	8	S	1589	                  Lactobacillus pentosus
0.00	3	3	S	1613	                  Lactobacillus fermentum
0.00	2	2	S	1598	                  Lactobacillus reuteri
0.00	2	2	S	28038	                  Lactobacillus curvatus
0.00	1	1	S	52242	                  Lactobacillus gallinarum
0.00	1	1	S	1847728	                  Lactobacillus allii
0.00	1	1	S	1596	                  Lactobacillus gasseri
0.00	1	1	S	1624	                  Lactobacillus salivarius
0.00	91	0	F	1300	              Streptococcaceae
0.00	85	0	G	1301	                Streptococcus
0.00	25	25	S	1308	                  Streptococcus thermophilus
0.00	8	8	S	400065	                  Streptococcus merionis
0.00	4	4	S	1318	                  Streptococcus parasanguinis
0.00	4	4	S	1302	                  Streptococcus gordonii
0.00	5	5	S	1304	                  Streptococcus salivarius
0.00	2	2	S	1305	                  Streptococcus sanguinis
0.00	2	2	S	1345	                  Streptococcus ferus
0.00	2	2	S	28037	                  Streptococcus mitis
0.00	5	5	S	1156431	                  Streptococcus sp. I-G2
0.00	3	3	S	257758	                  Streptococcus pseudopneumoniae
0.00	2	2	S	1340	                  Streptococcus porcinus
0.00	1	1	S	2021971	                  Streptococcus respiraculi
0.00	1	1	S	1917441	                  Streptococcus ruminantium
0.00	1	1	S	113107	                  Streptococcus australis
0.00	1	0	G1	119603	                  Streptococcus dysgalactiae group
0.00	1	1	S	1334	                    Streptococcus dysgalactiae
0.00	1	1	S	1759399	                  Streptococcus sp. A12
0.00	1	1	S	1811193	                  Streptococcus pantholopis
0.00	8	8	S	1311	                  Streptococcus agalactiae
0.00	1	1	S	197614	                  Streptococcus pasteurianus
0.00	1	1	S	1313	                  Streptococcus pneumoniae
0.00	6	0	G	1357	                Lactococcus
0.00	4	4	S	1364	                  Lactococcus piscium
0.00	1	1	S	1363	                  Lactococcus garvieae
0.00	1	1	S	1358	                  Lactococcus lactis
0.00	50	0	F	81850	              Leuconostocaceae
0.00	40	0	G	46255	                Weissella
0.00	34	34	S	137591	                  Weissella cibaria
0.00	5	5	S	1629	                  Weissella viridescens
0.00	1	1	S	1631871	                  Weissella jogaejeotgali
0.00	10	0	G	1243	                Leuconostoc
0.00	5	5	S	1244	                  Leuconostoc gelidum
0.00	2	2	S	33964	                  Leuconostoc citreum
0.00	2	2	S	1252	                  Leuconostoc carnosum
0.00	8	0	F	186827	              Aerococcaceae
0.00	5	0	F1	881649	                unclassified Aerococcaceae
0.00	5	5	S	2036206	                  Aerococcaceae bacterium ZY16052
0.00	3	0	G	1375	                Aerococcus
0.00	1	1	S	119206	                  Aerococcus sanguinicola
0.00	1	1	S	87541	                  Aerococcus christensenii
0.00	1	1	S	1376	                  Aerococcus urinae
0.00	6	0	F	186828	              Carnobacteriaceae
0.00	4	0	G	2747	                Carnobacterium
0.00	3	3	S	147709	                  Carnobacterium inhibens
0.00	1	1	S	2751	                  Carnobacterium maltaromaticum
0.00	2	0	G	1470540	                Jeotgalibaca
0.00	2	2	S	1903686	                  Jeotgalibaca sp. PTS2502
0.00	1097	0	O	1385	            Bacillales
0.00	639	0	F	186817	              Bacillaceae
0.00	627	0	G	1386	                Bacillus
0.00	371	371	S	1398	                  Bacillus coagulans
0.00	198	198	S	1402861	                  Bacillus filamentosus
0.00	17	0	G1	86661	                  Bacillus cereus group
0.00	12	12	S	1396	                    Bacillus cereus
0.00	2	2	S	64104	                    Bacillus pseudomycoides
0.00	3	3	S	1428	                    Bacillus thuringiensis
0.00	4	4	S	79883	                  Bacillus horikoshii
0.00	3	3	S	665099	                  Bacillus oceanisediminis
0.00	3	3	S	79885	                  Bacillus pseudofirmus
0.00	6	0	G1	653685	                  Bacillus subtilis group
0.00	2	2	S	119858	                    Bacillus sonorensis
0.00	4	4	S	1423	                    Bacillus subtilis
0.00	2	2	S	199441	                  Bacillus krulwichiae
0.00	3	3	S	1408	                  Bacillus pumilus
0.00	2	2	S	1413	                  Bacillus cellulosilyticus
0.00	2	2	S	35841	                  Bacillus thermoamylovorans
0.00	1	1	S	129985	                  Bacillus jeotgali
0.00	5	0	G1	1792192	                  Bacillus altitudinis complex
0.00	5	5	S	293387	                    Bacillus altitudinis
0.00	1	1	S	264697	                  Bacillus muralis
0.00	1	1	S	324767	                  Bacillus infantis
0.00	3	3	S	1404	                  Bacillus megaterium
0.00	1	1	S	1581038	                  Bacillus sp. FJAT-22090
0.00	1	1	S	859143	                  Bacillus kochii
0.00	3	0	G	1906945	                Parageobacillus
0.00	3	3	S	1295642	                  Parageobacillus genomosp. 1
0.00	3	0	G	84406	                Virgibacillus
0.00	1	1	S	163877	                  Virgibacillus necropolis
0.00	1	1	S	1482	                  Virgibacillus halodenitrificans
0.00	1	1	S	1473	                  Virgibacillus pantothenticus
0.00	2	0	G	29331	                Amphibacillus
0.00	2	2	S	1449	                  Amphibacillus xylanus
0.00	1	0	G	1055323	                Aeribacillus
0.00	1	1	S	33936	                  Aeribacillus pallidus
0.00	1	1	G	400634	                Lysinibacillus
0.00	1	0	G	200903	                Paraliobacillus
0.00	1	1	S	2213194	                  Paraliobacillus sp. X-1125
0.00	1	1	G	129337	                Geobacillus
0.00	340	0	F	186818	              Planococcaceae
0.00	338	0	G	1569	                Sporosarcina
0.00	337	337	S	1930546	                  Sporosarcina sp. P37
0.00	1	1	S	1571	                  Sporosarcina ureae
0.00	1	0	G	648800	                Solibacillus
0.00	1	1	S	2048654	                  Solibacillus sp. R5-41
0.00	93	0	F	90964	              Staphylococcaceae
0.00	92	0	G	1279	                Staphylococcus
0.00	64	64	S	1282	                  Staphylococcus epidermidis
0.00	16	16	S	1280	                  Staphylococcus aureus
0.00	3	3	S	170573	                  Staphylococcus pettenkoferi
0.00	2	2	S	1290	                  Staphylococcus hominis
0.00	2	2	S	29388	                  Staphylococcus capitis
0.00	2	2	S	1283	                  Staphylococcus haemolyticus
0.00	1	1	S	29385	                  Staphylococcus saprophyticus
0.00	1	0	G	69965	                Macrococcus
0.00	1	1	S	69966	                  Macrococcus caseolyticus
0.00	17	0	F	186822	              Paenibacillaceae
0.00	16	0	G	44249	                Paenibacillus
0.00	4	4	S	1126833	                  Paenibacillus beijingensis
0.00	3	3	S	189426	                  Paenibacillus odorifer
0.00	2	2	S	1695218	                  Paenibacillus sp. 32O-W
0.00	1	1	S	1566358	                  Paenibacillus sp. IHBB 10380
0.00	2	2	S	172713	                  Paenibacillus kribbensis
0.00	1	1	S	528191	                  Paenibacillus xylanexedens
0.00	1	1	S	61624	                  Paenibacillus mucilaginosus
0.00	1	1	S	1870819	                  Paenibacillus sp. BIHB4019
0.00	1	0	F1	85151	                Aneurinibacillus group
0.00	1	0	G	55079	                  Aneurinibacillus
0.00	1	1	S	1500254	                    Aneurinibacillus soli
0.00	3	0	F	186820	              Listeriaceae
0.00	3	0	G	1637	                Listeria
0.00	2	2	S	1639	                  Listeria monocytogenes
0.00	1	1	S	1640	                  Listeria seeligeri
0.00	2	0	O1	539002	              Bacillales incertae sedis
0.00	2	0	O2	539742	                Bacillales Family XII. Incertae Sedis
0.00	2	0	G	33986	                  Exiguobacterium
0.00	1	1	S	1399115	                    Exiguobacterium sp. MH3
0.00	1	1	S	223958	                    Exiguobacterium oxidotolerans
0.00	2	0	F	186823	              Alicyclobacillaceae
0.00	1	0	G	1129704	                Kyrpidia
0.00	1	1	S	2055160	                  Kyrpidia spormannii
0.00	1	0	G	29330	                Alicyclobacillus
0.00	1	1	S	405212	                  Alicyclobacillus acidocaldarius
0.01	1637	0	C	186801	          Clostridia
0.01	1634	0	O	186802	            Clostridiales
0.00	1120	0	F	186803	              Lachnospiraceae
0.00	545	0	G	1506553	                Lachnoclostridium
0.00	284	284	S	29370	                  [Clostridium] sphenoides
0.00	183	183	S	208479	                  [Clostridium] bolteae
0.00	42	42	S	1871021	                  Lachnoclostridium phocaeense
0.00	29	29	S	1834196	                  Lachnoclostridium sp. YL32
0.00	5	5	S	84030	                  [Clostridium] saccharolyticum
0.00	504	0	F1	186928	                unclassified Lachnospiraceae
0.00	305	305	S	2109690	                  Lachnospiraceae bacterium Choco86
0.00	141	141	S	39491	                  [Eubacterium] rectale
0.00	57	57	S	2109691	                  Lachnospiraceae bacterium GAM79
0.00	41	0	G	841	                Roseburia
0.00	41	41	S	301301	                  Roseburia hominis
0.00	22	0	G	572511	                Blautia
0.00	12	12	S	1322	                  Blautia hansenii
0.00	10	10	S	1912897	                  Blautia sp. N6H1-15
0.00	3	0	G	207244	                Anaerostipes
0.00	3	3	S	649756	                  Anaerostipes hadrus
0.00	2	0	G	1164882	                Lachnoanaerobaculum
0.00	2	2	S	617123	                  Lachnoanaerobaculum umeaense
0.00	1	0	G	2039240	                Anaerotignum
0.00	1	1	S	28446	                  Anaerotignum propionicum
0.00	197	0	F	186806	              Eubacteriaceae
0.00	196	0	G	1730	                Eubacterium
0.00	181	181	S	1736	                  Eubacterium limosum
0.00	7	7	S	39488	                  [Eubacterium] hallii
0.00	5	5	S	39485	                  [Eubacterium] eligens
0.00	2	2	S	29322	                  [Eubacterium] cellulosolvens
0.00	1	1	G	33951	                Acetobacterium
0.00	200	0	F	541000	              Ruminococcaceae
0.00	144	0	G	946234	                Flavonifractor
0.00	144	144	S	292800	                  Flavonifractor plautii
0.00	55	0	G	216851	                Faecalibacterium
0.00	55	55	S	853	                  Faecalibacterium prausnitzii
0.00	1	0	F1	552397	                unclassified Ruminococcaceae
0.00	1	1	S	29343	                  [Clostridium] cellulosi
0.00	52	0	O1	186813	              unclassified Clostridiales
0.00	50	0	O2	39779	                unclassified Clostridiales (miscellaneous)
0.00	50	50	S	2109688	                  Clostridiales bacterium CCNA10
0.00	1	0	G	2039302	                Monoglobus
0.00	1	1	S	1981510	                  Monoglobus pectinilyticus
0.00	1	0	G	1392389	                Intestinimonas
0.00	1	1	S	1297617	                  Intestinimonas butyriciproducens
0.00	21	0	F	216572	              Oscillospiraceae
0.00	21	0	G	459786	                Oscillibacter
0.00	21	21	S	2109687	                  Oscillibacter sp. PEA192
0.00	18	0	F	31979	              Clostridiaceae
0.00	10	0	G	1485	                Clostridium
0.00	7	7	S	1509	                  Clostridium sporogenes
0.00	1	1	S	1502	                  Clostridium perfringens
0.00	1	1	S	1497	                  Clostridium formicaceticum
0.00	1	1	S	29341	                  Clostridium argentinense
0.00	5	0	G	1981033	                Mordavella
0.00	5	5	S	2086584	                  Mordavella sp. Marseille-P3756
0.00	1	0	G	390805	                Geosporobacter
0.00	1	1	S	1424294	                  Geosporobacter ferrireducens
0.00	1	0	G	114627	                Alkaliphilus
0.00	1	1	S	461876	                  Alkaliphilus oremlandii
0.00	11	0	F	186804	              Peptostreptococcaceae
0.00	7	0	G	1870884	                Clostridioides
0.00	7	7	S	1496	                  Clostridioides difficile
0.00	3	0	G	1849828	                Paeniclostridium
0.00	3	3	S	1505	                  Paeniclostridium sordellii
0.00	1	0	G	44259	                Filifactor
0.00	1	1	S	143361	                  Filifactor alocis
0.00	8	0	F	186807	              Peptococcaceae
0.00	4	0	G	1562	                Desulfotomaculum
0.00	2	2	S	1833852	                  Desulfotomaculum ferrireducens
0.00	1	1	S	59610	                  Desulfotomaculum reducens
0.00	1	1	S	1565	                  Desulfotomaculum nigrificans
0.00	2	2	G	56112	                Dehalobacter
0.00	1	0	G	79206	                Desulfosporosinus
0.00	1	1	S	885581	                  Desulfosporosinus acidiphilus
0.00	1	0	G	51196	                Syntrophobotulus
0.00	1	1	S	51197	                  Syntrophobotulus glycolicus
0.00	2	0	O1	538999	              Clostridiales incertae sedis
0.00	1	0	F	543347	                Clostridiales Family XVI. Incertae Sedis
0.00	1	0	G	178898	                  Carboxydocella
0.00	1	1	S	178899	                    Carboxydocella thermautotrophica
0.00	1	0	F	543314	                Clostridiales Family XIII. Incertae Sedis
0.00	1	0	G	86331	                  Mogibacterium
0.00	1	1	S	86332	                    Mogibacterium pumilum
0.00	1	0	F	68298	              Syntrophomonadaceae
0.00	1	0	G	862	                Syntrophomonas
0.00	1	1	S	863	                  Syntrophomonas wolfei
0.00	2	0	O	68295	            Thermoanaerobacterales
0.00	2	0	F	186814	              Thermoanaerobacteraceae
0.00	1	0	G	140458	                Thermacetogenium
0.00	1	1	S	85874	                  Thermacetogenium phaeum
0.00	1	0	F1	42857	                Moorella group
0.00	1	0	G	42837	                  Ammonifex
0.00	1	1	S	42838	                    Ammonifex degensii
0.00	1	0	O	53433	            Halanaerobiales
0.00	1	0	F	972	              Halanaerobiaceae
0.00	1	0	G	2330	                Halanaerobium
0.00	1	1	S	656519	                  Halanaerobium hydrogeniformans
0.00	426	0	C	526524	          Erysipelotrichia
0.00	426	0	O	526525	            Erysipelotrichales
0.00	426	0	F	128827	              Erysipelotrichaceae
0.00	4	0	G	1573534	                Faecalitalea
0.00	4	4	S	39483	                  Faecalitalea cylindroides
0.00	421	0	F1	433334	                unclassified Erysipelotrichaceae
0.00	421	0	F2	544447	                  unclassified Erysipelotrichaceae (miscellaneous)
0.00	418	418	S	1834207	                    Erysipelotrichaceae bacterium I46
0.00	3	3	S	2109692	                    Erysipelotrichaceae bacterium GAM147
0.00	1	0	G	1729679	                Faecalibaculum
0.00	1	1	S	1702221	                  Faecalibaculum rodentium
0.00	1	0	C	1737404	          Tissierellia
0.00	1	0	O	1737405	            Tissierellales
0.00	1	0	F	1570339	              Peptoniphilaceae
0.00	1	0	G	150022	                Finegoldia
0.00	1	1	S	1260	                  Finegoldia magna
0.01	2307	0	P	201174	        Actinobacteria
0.01	2112	0	C	1760	          Actinobacteria
0.01	1529	0	O	85004	            Bifidobacteriales
0.01	1529	0	F	31953	              Bifidobacteriaceae
0.01	1526	0	G	1678	                Bifidobacterium
0.01	1417	1417	S	1685	                  Bifidobacterium breve
0.00	36	36	S	630129	                  Bifidobacterium kashiwanohense
0.00	31	31	S	28026	                  Bifidobacterium pseudocatenulatum
0.00	23	23	S	216816	                  Bifidobacterium longum
0.00	10	10	S	1686	                  Bifidobacterium catenulatum
0.00	3	3	S	1681	                  Bifidobacterium bifidum
0.00	2	2	S	1680	                  Bifidobacterium adolescentis
0.00	3	0	G	196082	                Parascardovia
0.00	3	3	S	78258	                  Parascardovia denticolens
0.00	280	0	O	85006	            Micrococcales
0.00	240	0	F	85023	              Microbacteriaceae
0.00	235	0	G	1759331	                Cnuibacter
0.00	235	235	S	1619308	                  Cnuibacter physcomitrellae
0.00	4	0	G	69578	                Cryobacterium
0.00	4	4	S	1978566	                  Cryobacterium sp. LW097
0.00	1	0	G	33877	                Agromyces
0.00	1	1	S	2080742	                  Agromyces sp. 30A
0.00	26	0	F	1268	              Micrococcaceae
0.00	16	0	G	1663	                Arthrobacter
0.00	16	16	S	37928	                  Arthrobacter crystallopoietes
0.00	7	0	G	32207	                Rothia
0.00	6	6	S	43675	                  Rothia mucilaginosa
0.00	1	1	S	2047	                  Rothia dentocariosa
0.00	2	0	G	1742993	                Pseudarthrobacter
0.00	1	1	S	728066	                  Pseudarthrobacter equi
0.00	1	1	S	85085	                  Pseudarthrobacter chlorophenolicus
0.00	8	0	F	85018	              Dermatophilaceae
0.00	8	0	G	1184606	                Austwickia
0.00	8	8	S	100225	                  Austwickia chelonae
0.00	2	0	F	85016	              Cellulomonadaceae
0.00	2	0	G	1707	                Cellulomonas
0.00	1	1	S	2003551	                  Cellulomonas sp. PSBB021
0.00	1	1	S	1711	                  Cellulomonas flavigena
0.00	1	0	F	85020	              Dermabacteraceae
0.00	1	0	G	472568	                Devriesea
0.00	1	1	S	472569	                  Devriesea agamarum
0.00	1	0	F	85019	              Brevibacteriaceae
0.00	1	0	G	1696	                Brevibacterium
0.00	1	1	S	629680	                  Brevibacterium sandarakinum
0.00	1	0	F	85017	              Promicromonosporaceae
0.00	1	0	G	254250	                Isoptericola
0.00	1	1	S	139208	                  Isoptericola variabilis
0.00	158	0	O	85011	            Streptomycetales
0.00	158	0	F	2062	              Streptomycetaceae
0.00	157	0	G	1883	                Streptomyces
0.00	143	143	S	1912	                  Streptomyces hygroscopicus
0.00	4	4	S	2099584	                  Streptomyces sp. ICC4
0.00	2	2	S	1841249	                  Streptomyces sp. RTd22
0.00	2	2	S	2202000	                  Streptomyces sp. NEAU-S7GS2
0.00	1	1	S	54571	                  Streptomyces venezuelae
0.00	1	1	S	2083284	                  Streptomyces sp. CB09001
0.00	1	1	S	2059884	                  Streptomyces sp. CMB-StM0423
0.00	1	1	S	1725411	                  Streptomyces sp. CdTB01
0.00	1	1	S	1893	                  Streptomyces atratus
0.00	1	1	S	68249	                  Streptomyces pactum
0.00	1	0	G	2063	                Kitasatospora
0.00	1	1	S	2066	                  Kitasatospora setae
0.00	57	0	O	85007	            Corynebacteriales
0.00	28	0	F	1653	              Corynebacteriaceae
0.00	28	0	G	1716	                Corynebacterium
0.00	24	24	S	1050174	                  Corynebacterium epidermidicanis
0.00	1	1	S	1719	                  Corynebacterium pseudotuberculosis
0.00	1	1	S	191493	                  Corynebacterium sphenisci
0.00	1	1	S	146827	                  Corynebacterium simulans
0.00	1	1	S	161895	                  Corynebacterium phocae
0.00	20	0	F	1762	              Mycobacteriaceae
0.00	20	0	G	1763	                Mycobacterium
0.00	18	18	S	2051552	                  Mycobacterium sp. PYR15
0.00	1	1	S	1682113	                  Mycobacterium sp. YC-RL4
0.00	1	1	S	29311	                  Mycobacterium haemophilum
0.00	6	0	F	85029	              Dietziaceae
0.00	6	0	G	37914	                Dietzia
0.00	4	4	S	139021	                  Dietzia psychralcaliphila
0.00	1	1	S	2052657	                  Dietzia sp. JS16-p6b
0.00	1	1	S	499555	                  Dietzia timorensis
0.00	1	0	F	85028	              Tsukamurellaceae
0.00	1	0	G	2060	                Tsukamurella
0.00	1	1	S	57704	                  Tsukamurella tyrosinosolvens
0.00	1	0	F	85025	              Nocardiaceae
0.00	1	0	G	1817	                Nocardia
0.00	1	1	S	135487	                  Nocardia cyriacigeorgica
0.00	33	0	O	85009	            Propionibacteriales
0.00	25	0	F	31957	              Propionibacteriaceae
0.00	20	0	G	1912216	                Cutibacterium
0.00	20	20	S	1747	                  Cutibacterium acnes
0.00	4	0	G	1912217	                Pseudopropionibacterium
0.00	4	4	S	1750	                  Pseudopropionibacterium propionicum
0.00	1	0	G	1743	                Propionibacterium
0.00	1	1	S	671223	                  Propionibacterium sp. oral taxon 193
0.00	8	0	F	85015	              Nocardioidaceae
0.00	8	0	G	2040	                Aeromicrobium
0.00	8	8	S	1736691	                  Aeromicrobium choanae
0.00	22	0	O	85010	            Pseudonocardiales
0.00	22	0	F	2070	              Pseudonocardiaceae
0.00	18	0	G	1851	                Saccharomonospora
0.00	18	18	S	632569	                  Saccharomonospora marina
0.00	1	0	G	674734	                Alloactinosynnema
0.00	1	1	S	1653480	                  Alloactinosynnema sp. L-07
0.00	1	0	G	2029	                Kibdelosporangium
0.00	1	1	S	860235	                  Kibdelosporangium phytohabitans
0.00	1	0	G	1847	                Pseudonocardia
0.00	1	1	S	240495	                  Pseudonocardia dioxanivorans
0.00	1	0	G	1813	                Amycolatopsis
0.00	1	1	S	31958	                  Amycolatopsis orientalis
0.00	20	0	O	2037	            Actinomycetales
0.00	20	0	F	2049	              Actinomycetaceae
0.00	19	0	G	1654	                Actinomyces
0.00	12	12	S	2321394	                  Actinomyces sp. 2129
0.00	3	3	S	1852377	                  Actinomyces pacaensis
0.00	1	1	S	1912795	                  Actinomyces sp. VUL4_3
0.00	1	1	S	544580	                  Actinomyces oris
0.00	1	1	S	52773	                  Actinomyces meyeri
0.00	1	0	G	1069494	                Trueperella
0.00	1	1	S	1661	                  Trueperella pyogenes
0.00	5	0	O	85008	            Micromonosporales
0.00	5	0	F	28056	              Micromonosporaceae
0.00	4	4	G	673534	                Plantactinospora
0.00	1	0	G	1865	                Actinoplanes
0.00	1	1	S	113562	                  Actinoplanes derwentensis
0.00	2	0	O	2039638	            Candidatus Nanopelagicales
0.00	2	0	F	2162846	              Candidatus Nanopelagicaceae
0.00	2	0	G	622681	                Candidatus Planktophila
0.00	1	1	S	1884913	                  Candidatus Planktophila lacus
0.00	1	1	S	573600	                  Candidatus Planktophila limnetica
0.00	1	0	O	85012	            Streptosporangiales
0.00	1	0	F	2012	              Thermomonosporaceae
0.00	1	0	G	1988	                Actinomadura
0.00	1	1	S	1411117	                  Actinomadura amylolytica
0.00	1	0	O	85014	            Glycomycetales
0.00	1	0	F	85034	              Glycomycetaceae
0.00	1	0	G	283810	                Stackebrandtia
0.00	1	1	S	283811	                  Stackebrandtia nassauensis
0.00	1	0	O	414714	            Catenulisporales
0.00	1	0	F	414877	              Catenulisporaceae
0.00	1	0	G	414878	                Catenulispora
0.00	1	1	S	304895	                  Catenulispora acidiphila
0.00	1	0	O	85013	            Frankiales
0.00	1	0	F	74712	              Frankiaceae
0.00	1	0	G	1854	                Frankia
0.00	1	1	S	1859	                  Frankia alni
0.00	193	0	C	84998	          Coriobacteriia
0.00	186	0	O	1643822	            Eggerthellales
0.00	186	0	F	1643826	              Eggerthellaceae
0.00	179	0	G	84108	                Slackia
0.00	179	179	S	84110	                  Slackia heliotrinireducens
0.00	3	0	G	447020	                Adlercreutzia
0.00	3	3	S	446660	                  Adlercreutzia equolifaciens
0.00	2	0	G	84111	                Eggerthella
0.00	1	1	S	502558	                  Eggerthella sp. YY7918
0.00	1	1	S	84112	                  Eggerthella lenta
0.00	1	1	G	644652	                Gordonibacter
0.00	7	0	O	84999	            Coriobacteriales
0.00	5	0	F	84107	              Coriobacteriaceae
0.00	5	0	G	102106	                Collinsella
0.00	5	5	S	74426	                  Collinsella aerofaciens
0.00	2	0	F	1643824	              Atopobiaceae
0.00	1	0	G	133925	                Olsenella
0.00	1	1	S	133926	                  Olsenella uli
0.00	1	0	G	1380	                Atopobium
0.00	1	1	S	1382	                  Atopobium parvulum
0.00	1	0	C	84995	          Rubrobacteria
0.00	1	0	O	84996	            Rubrobacterales
0.00	1	0	F	84997	              Rubrobacteraceae
0.00	1	1	G	42255	                Rubrobacter
0.00	491	0	D2	1798711	        Cyanobacteria/Melainabacteria group
0.00	491	0	P	1117	          Cyanobacteria
0.00	250	0	O	1161	            Nostocales
0.00	240	0	F	1185	              Rivulariaceae
0.00	240	0	G	1186	                Calothrix
0.00	240	240	S	1954171	                  Calothrix sp. NIES-2098
0.00	8	0	F	1162	              Nostocaceae
0.00	7	0	G	1177	                Nostoc
0.00	4	4	S	2005458	                  Nostoc sp. NIES-4103
0.00	3	3	S	1973475	                  Nostoc sp. NIES-2111
0.00	1	0	G	264688	                Trichormus
0.00	1	1	S	1164	                  Trichormus azollae
0.00	2	0	F	1892259	              Aphanizomenonaceae
0.00	2	0	G	752201	                Sphaerospermopsis
0.00	2	2	S	289435	                  Sphaerospermopsis kisseleviana
0.00	149	0	P1	1301283	            Oscillatoriophycideae
0.00	149	0	O	1150	              Oscillatoriales
0.00	115	0	F	1892249	                Cyanothecaceae
0.00	115	0	G	43988	                  Cyanothece
0.00	114	114	S	395961	                    Cyanothece sp. PCC 7425
0.00	1	1	S	65393	                    Cyanothece sp. PCC 7424
0.00	33	0	F	1892252	                Microcoleaceae
0.00	32	0	G	54304	                  Planktothrix
0.00	32	32	S	1160	                    Planktothrix agardhii
0.00	1	0	G	1205	                  Trichodesmium
0.00	1	1	S	1206	                    Trichodesmium erythraeum
0.00	1	0	O1	1892256	                unclassified Oscillatoriales
0.00	1	0	O2	44887	                  unclassified Oscillatoriales (miscellaneous)
0.00	1	1	S	864702	                    Oscillatoriales cyanobacterium JSC-12
0.00	91	0	O	1890424	            Synechococcales
0.00	89	0	F	1890426	              Synechococcaceae
0.00	89	0	G	1129	                Synechococcus
0.00	88	88	S	1280380	                  Synechococcus sp. KORDI-100
0.00	1	1	S	166314	                  Synechococcus sp. WH 8109
0.00	1	0	F	1890438	              Leptolyngbyaceae
0.00	1	0	G	47251	                Leptolyngbya
0.00	1	1	S	1752064	                  Leptolyngbya sp. NIES-3755
0.00	1	0	F	1213	              Prochloraceae
0.00	1	0	G	1218	                Prochlorococcus
0.00	1	1	S	1219	                  Prochlorococcus marinus
0.00	401	0	P	544448	        Tenericutes
0.00	401	0	C	31969	          Mollicutes
0.00	398	0	O	2085	            Mycoplasmatales
0.00	398	0	F	2092	              Mycoplasmataceae
0.00	398	0	G	2093	                Mycoplasma
0.00	397	397	S	142651	                  Mycoplasma phocidae
0.00	1	1	S	2118	                  Mycoplasma mobile
0.00	2	0	O	186329	            Acholeplasmatales
0.00	2	0	F	2146	              Acholeplasmataceae
0.00	2	0	G	2147	                Acholeplasma
0.00	1	1	S	61635	                  Acholeplasma brassicae
0.00	1	1	S	38986	                  Acholeplasma palmae
0.00	1	0	O	186328	            Entomoplasmatales
0.00	1	0	F	33925	              Entomoplasmataceae
0.00	1	0	G	46239	                Mesoplasma
0.00	1	1	S	225999	                  Mesoplasma syrphidae
0.00	30	0	P	1297	        Deinococcus-Thermus
0.00	30	0	C	188787	          Deinococci
0.00	28	0	O	118964	            Deinococcales
0.00	28	0	F	183710	              Deinococcaceae
0.00	28	0	G	1298	                Deinococcus
0.00	28	28	S	68909	                  Deinococcus geothermalis
0.00	2	0	O	68933	            Thermales
0.00	2	0	F	188786	              Thermaceae
0.00	1	0	G	186191	                Marinithermus
0.00	1	1	S	186192	                  Marinithermus hydrothermalis
0.00	1	0	G	65551	                Meiothermus
0.00	1	1	S	52022	                  Meiothermus silvanus
0.00	4	0	P	200795	        Chloroflexi
0.00	3	0	C	292625	          Anaerolineae
0.00	3	0	O	292629	            Anaerolineales
0.00	3	0	F	292628	              Anaerolineaceae
0.00	2	0	F1	1324991	                unclassified Anaerolineaceae
0.00	2	2	S	1889813	                  Anaerolineaceae bacterium oral taxon 439
0.00	1	0	G	2019482	                Brevefilum
0.00	1	1	S	1986204	                  Brevefilum fermentans
0.00	1	0	C	475962	          Caldilineae
0.00	1	0	O	475963	            Caldilineales
0.00	1	0	F	475964	              Caldilineaceae
0.00	1	0	G	233191	                Caldilinea
0.00	1	1	S	133453	                  Caldilinea aerophila
0.00	1	0	P	67819	        Armatimonadetes
0.00	1	0	C	1663419	          Fimbriimonadia
0.00	1	0	O	1663425	            Fimbriimonadales
0.00	1	0	F	1663426	              Fimbriimonadaceae
0.00	1	0	G	1005038	                Fimbriimonas
0.00	1	1	S	1005039	                  Fimbriimonas ginsengisoli
0.00	318	0	P	32066	      Fusobacteria
0.00	318	0	C	203490	        Fusobacteriia
0.00	318	0	O	203491	          Fusobacteriales
0.00	312	0	F	203492	            Fusobacteriaceae
0.00	312	0	G	848	              Fusobacterium
0.00	291	291	S	851	                Fusobacterium nucleatum
0.00	19	19	S	1583098	                Fusobacterium hwasookii
0.00	1	1	S	860	                Fusobacterium periodonticum
0.00	1	1	S	850	                Fusobacterium mortiferum
0.00	6	0	F	1129771	            Leptotrichiaceae
0.00	4	0	G	32067	              Leptotrichia
0.00	4	4	S	1785996	                Leptotrichia sp. oral taxon 847
0.00	1	0	G	168808	              Sneathia
0.00	1	1	S	187101	                Sneathia amnii
0.00	1	0	G	34104	              Streptobacillus
0.00	1	1	S	34105	                Streptobacillus moniliformis
0.00	25	0	P	203691	      Spirochaetes
0.00	25	0	C	203692	        Spirochaetia
0.00	23	0	O	136	          Spirochaetales
0.00	23	0	F	137	            Spirochaetaceae
0.00	22	0	G	146	              Spirochaeta
0.00	22	22	S	46355	                Spirochaeta africana
0.00	1	0	G	157	              Treponema
0.00	1	1	S	81028	                Treponema brennaborense
0.00	1	0	C1	1643688	          Leptospirales
0.00	1	0	F	170	            Leptospiraceae
0.00	1	0	G	171	              Leptospira
0.00	1	1	S	173	                Leptospira interrogans
0.00	1	0	O	1643686	          Brachyspirales
0.00	1	0	F	143786	            Brachyspiraceae
0.00	1	0	G	29521	              Brachyspira
0.00	1	1	S	84377	                Brachyspira intermedia
0.00	22	0	P	40117	      Nitrospirae
0.00	22	0	C	203693	        Nitrospira
0.00	22	0	O	189778	          Nitrospirales
0.00	22	0	F	189779	            Nitrospiraceae
0.00	22	0	G	1234	              Nitrospira
0.00	21	21	S	330214	                Nitrospira defluvii
0.00	1	1	S	1325564	                Nitrospira japonica
0.00	17	0	P	57723	      Acidobacteria
0.00	17	0	C	204432	        Acidobacteriia
0.00	17	0	O	204433	          Acidobacteriales
0.00	17	0	F	204434	            Acidobacteriaceae
0.00	16	0	G	658061	              Candidatus Koribacter
0.00	16	16	S	658062	                Candidatus Koribacter versatilis
0.00	1	0	G	940557	              Granulicella
0.00	1	1	S	940614	                Granulicella mallensis
0.00	8	0	P	200930	      Deferribacteres
0.00	8	0	C	68337	        Deferribacteres
0.00	8	0	O	191393	          Deferribacterales
0.00	8	0	F	191394	            Deferribacteraceae
0.00	8	0	G	2351	              Flexistipes
0.00	8	8	S	2352	                Flexistipes sinusarabici
0.00	2	0	P	200918	      Thermotogae
0.00	2	0	C	188708	        Thermotogae
0.00	2	0	O	1643946	          Kosmotogales
0.00	2	0	F	1643948	            Kosmotogaceae
0.00	2	0	G	651456	              Kosmotoga
0.00	2	2	S	1330330	                Kosmotoga pacifica
0.00	1	0	P	508458	      Synergistetes
0.00	1	0	C	649775	        Synergistia
0.00	1	0	O	649776	          Synergistales
0.00	1	0	F	649777	            Synergistaceae
0.00	1	0	G	336260	              Thermovirga
0.00	1	1	S	336261	                Thermovirga lienii
0.00	1	0	P	74152	      Elusimicrobia
0.00	1	0	C	641853	        Elusimicrobia
0.00	1	0	O	641854	          Elusimicrobiales
0.00	1	0	F	641876	            Elusimicrobiaceae
0.00	1	0	G	423604	              Elusimicrobium
0.00	1	1	S	423605	                Elusimicrobium minutum
0.03	8366	0	D	2759	    Eukaryota
0.03	8366	0	D1	33154	      Opisthokonta
0.03	8366	0	K	33208	        Metazoa
0.03	8366	0	K1	6072	          Eumetazoa
0.03	8366	0	K2	33213	            Bilateria
0.03	8366	0	K3	33511	              Deuterostomia
0.03	8366	0	P	7711	                Chordata
0.03	8366	0	P1	89593	                  Craniata
0.03	8366	0	P2	7742	                    Vertebrata
0.03	8366	0	P3	7776	                      Gnathostomata
0.03	8366	0	P4	117570	                        Teleostomi
0.03	8366	0	P5	117571	                          Euteleostomi
0.03	8366	0	P6	8287	                            Sarcopterygii
0.03	8366	0	P7	1338369	                              Dipnotetrapodomorpha
0.03	8366	0	P8	32523	                                Tetrapoda
0.03	8366	0	P9	32524	                                  Amniota
0.03	8366	0	C	40674	                                    Mammalia
0.03	8366	0	C1	32525	                                      Theria
0.03	8366	0	C2	9347	                                        Eutheria
0.03	8366	0	C3	1437010	                                          Boreoeutheria
0.03	8366	0	C4	314146	                                            Euarchontoglires
0.03	8366	0	O	9443	                                              Primates
0.03	8366	0	O1	376913	                                                Haplorrhini
0.03	8366	0	O2	314293	                                                  Simiiformes
0.03	8366	0	O3	9526	                                                    Catarrhini
0.03	8366	0	O4	314295	                                                      Hominoidea
0.03	8366	0	F	9604	                                                        Hominidae
0.03	8366	0	F1	207598	                                                          Homininae
0.03	8366	0	G	9605	                                                            Homo
0.03	8366	8366	S	9606	                                                              Homo sapiens
0.00	345	0	D	2157	    Archaea
0.00	344	0	P	28890	      Euryarchaeota
0.00	222	0	P1	2283794	        Methanomada group
0.00	187	0	C	183939	          Methanococci
0.00	187	0	O	2182	            Methanococcales
0.00	187	0	F	2183	              Methanococcaceae
0.00	187	0	G	2184	                Methanococcus
0.00	187	187	S	42879	                  Methanococcus aeolicus
0.00	35	0	C	183925	          Methanobacteria
0.00	35	0	O	2158	            Methanobacteriales
0.00	35	0	F	2178	              Methanothermaceae
0.00	35	0	G	2179	                Methanothermus
0.00	35	35	S	2180	                  Methanothermus fervidus
0.00	119	0	P1	2290931	        Stenosarchaea group
0.00	118	0	C	224756	          Methanomicrobia
0.00	118	0	O	2191	            Methanomicrobiales
0.00	118	0	F	2194	              Methanomicrobiaceae
0.00	118	0	G	45989	                Methanoculleus
0.00	118	118	S	2198	                  Methanoculleus marisnigri
0.00	1	0	C	183963	          Halobacteria
0.00	1	0	O	1644055	            Haloferacales
0.00	1	0	F	1644056	              Haloferacaceae
0.00	1	0	G	2251	                Haloferax
0.00	1	1	S	2246	                  Haloferax volcanii
0.00	2	0	C	183968	        Thermococci
0.00	2	0	O	2258	          Thermococcales
0.00	2	0	F	2259	            Thermococcaceae
0.00	2	0	G	2263	              Thermococcus
0.00	2	2	S	2264	                Thermococcus celer
0.00	1	0	P1	2283796	        Diaforarchaea group
0.00	1	0	C	183967	          Thermoplasmata
0.00	1	0	O	2301	            Thermoplasmatales
0.00	1	0	F	90142	              Ferroplasmaceae
0.00	1	0	G	74968	                Ferroplasma
0.00	1	1	S	97393	                  Ferroplasma acidarmanus
0.00	1	0	D1	1783275	      TACK group
0.00	1	0	P	28889	        Crenarchaeota
0.00	1	0	C	183924	          Thermoprotei
0.00	1	0	O	2281	            Sulfolobales
0.00	1	0	F	118883	              Sulfolobaceae
0.00	1	0	G	41980	                Metallosphaera
0.00	1	1	S	1006005	                  Metallosphaera cuprina
0.00	221	221	R1	28384	  other sequences
0.00	36	0	D	10239	  Viruses
0.00	36	0	D1	35237	    dsDNA viruses, no RNA stage
0.00	33	0	O	28883	      Caudovirales
0.00	32	0	F	10699	        Siphoviridae
0.00	30	0	F1	1910999	          Tunavirinae
0.00	30	0	G	1920860	            Kp36virus
0.00	22	22	S	1981043	              Klebsiella virus Sushi
0.00	4	4	S	1920862	              Klebsiella virus 1513
0.00	2	2	S	1981041	              Klebsiella virus KLPN1
0.00	1	0	F1	196894	          unclassified Siphoviridae
0.00	1	1	S	255431	            Klebsiella phage phiKO2
0.00	1	0	F1	2169600	          Nclasvirinae
0.00	1	1	G	2169633	            Buttersvirus
0.00	1	0	F	10662	        Myoviridae
0.00	1	0	G	680115	          Phikzvirus
0.00	1	1	S	169683	            Pseudomonas virus phiKZ
0.00	2	0	O	548681	      Herpesvirales
0.00	2	0	F	10292	        Herpesviridae
0.00	2	0	F1	10357	          Betaherpesvirinae
0.00	2	0	G	40272	            Roseolovirus
0.00	2	0	G1	431037	              unclassified Roseolovirus
0.00	2	2	S	1846169	                Macaca nemestrina herpesvirus 7
0.00	1	0	F	151341	      Polyomaviridae
0.00	1	0	G	1891714	        Betapolyomavirus
0.00	1	1	S	1891762	          Human polyomavirus 1
